cargo_id,flight_id,awb_number,cargo_type,declared_pieces,received_pieces,declared_weight_kg,received_weight_kg,special_handling_flag,dangerous_goods_flag
CGO00001,FLT0001,693-83197857,Geral,55,55,98.82,98.82,Não,Não
CGO00002,FLT0001,345-23718431,Geral,13,13,910.27,910.27,Não,Não
CGO00003,FLT0001,907-58537831,Refrigerada,9,9,133.64,133.64,Sim,Não
CGO00004,FLT0001,364-38119557,DGR,10,11,1530.64,1530.64,Sim,Sim
CGO00005,FLT0001,323-38538251,Refrigerada,51,51,2214.01,2214.01,Sim,Não
CGO00006,FLT0001,225-28566572,Perecível,12,12,1894.34,1894.34,Sim,Não
CGO00007,FLT0002,162-70897765,Geral,34,34,2430.28,2430.28,Não,Não
CGO00008,FLT0002,553-81182864,Pendente,77,77,823.91,823.91,Sim,Não
CGO00009,FLT0002,170-45575298,Perecível,78,78,1069.38,1069.38,Sim,Não
CGO00010,FLT0002,066-55377076,Geral,71,71,590.68,590.68,Não,Não
CGO00011,FLT0002,479-17270733,DGR,13,13,170.32,170.32,Sim,Sim
CGO00012,FLT0002,454-83863413,Geral,70,70,2093.35,2093.35,Não,Não
CGO00013,FLT0002,003-62401521,Geral,59,59,727.42,727.42,Não,Não
CGO00014,FLT0002,063-52091325,Geral,75,75,1202.44,1202.44,Não,Não
CGO00015,FLT0002,536-52462441,Pendente,27,27,1680.92,1680.92,Sim,Não
CGO00016,FLT0002,637-85563727,Pendente,10,10,1353.33,1353.33,Sim,Não
CGO00017,FLT0002,827-97775215,Perecível,71,71,762.46,762.46,Sim,Não
CGO00018,FLT0003,004-54769200,Valiosa,34,34,420.72,420.72,Sim,Não
CGO00019,FLT0003,041-58024342,Geral,32,32,1673.99,1673.99,Não,Não
CGO00020,FLT0003,903-65337219,Geral,43,43,1960.32,1960.32,Não,Não
CGO00021,FLT0003,205-71780854,Geral,30,30,572.85,572.85,Não,Não
CGO00022,FLT0003,864-81969657,Geral,4,4,306.05,306.05,Não,Não
CGO00023,FLT0004,322-99038359,Avariada,39,39,1277.66,1277.66,Sim,Não
CGO00024,FLT0004,925-33357554,Refrigerada,39,39,1027.07,1027.07,Sim,Não
CGO00025,FLT0004,813-32775593,Refrigerada,37,37,1298.32,1298.32,Sim,Não
CGO00026,FLT0004,626-19774839,Perecível,74,74,502.2,502.2,Sim,Não
CGO00027,FLT0004,225-33607110,Avariada,67,67,1172.08,1172.08,Sim,Não
CGO00028,FLT0004,628-77750178,Geral,71,71,1125.87,1125.87,Não,Não
CGO00029,FLT0004,083-28572252,Geral,50,50,1741,1741,Não,Não
CGO00030,FLT0004,789-88393811,Pendente,3,3,2144.7,2144.7,Sim,Não
CGO00031,FLT0004,766-83300637,Valiosa,29,29,1230.81,1230.81,Sim,Não
CGO00032,FLT0004,638-81688860,Geral,51,51,1487.89,1487.89,Não,Não
CGO00033,FLT0004,780-60885459,Geral,54,54,645.63,645.63,Não,Não
CGO00034,FLT0004,172-91321540,Refrigerada,15,15,1948.92,1948.92,Sim,Não
CGO00035,FLT0004,816-85958181,Valiosa,45,45,1341.21,1341.21,Sim,Não
CGO00036,FLT0004,277-92666356,Avariada,69,69,1941.11,1941.11,Sim,Não
CGO00037,FLT0005,218-57623800,Valiosa,44,44,713.55,713.55,Sim,Não
CGO00038,FLT0005,247-73900135,Refrigerada,63,63,1131.47,1131.47,Sim,Não
CGO00039,FLT0005,739-35848226,Geral,69,69,2378.18,2378.18,Não,Não
CGO00040,FLT0005,103-36054020,Geral,47,47,465.02,465.02,Não,Não
CGO00041,FLT0005,491-69118721,Geral,7,7,646.15,646.15,Não,Não
CGO00042,FLT0005,232-80138498,Geral,57,57,757.44,757.44,Não,Não
CGO00043,FLT0005,609-73070585,Geral,30,30,734.5,734.5,Não,Não
CGO00044,FLT0005,558-40173413,Refrigerada,35,35,2070.05,2070.05,Sim,Não
CGO00045,FLT0005,753-53261270,Refrigerada,4,4,246.49,246.49,Sim,Não
CGO00046,FLT0005,600-68503492,Refrigerada,63,63,2423.26,2423.26,Sim,Não
CGO00047,FLT0005,886-79067939,Avariada,1,1,1651,1651,Sim,Não
CGO00048,FLT0005,563-27584297,Pendente,57,57,2204.5,2204.5,Sim,Não
CGO00049,FLT0006,484-42713008,Perecível,19,19,971.29,971.29,Sim,Não
CGO00050,FLT0006,290-50071487,Avariada,75,75,2497.28,2497.28,Sim,Não
CGO00051,FLT0006,891-35320492,Pendente,31,31,1438.06,1438.06,Sim,Não
CGO00052,FLT0006,156-76481885,Pendente,17,17,1265.68,1265.68,Sim,Não
CGO00053,FLT0006,159-20043277,Perecível,34,34,859.63,859.63,Sim,Não
CGO00054,FLT0006,894-82613940,Geral,9,9,602.23,602.23,Não,Não
CGO00055,FLT0006,171-50193656,Pendente,6,6,824.45,824.45,Sim,Não
CGO00056,FLT0006,261-71682508,Geral,2,2,2249.29,2249.29,Não,Não
CGO00057,FLT0006,707-43567615,Perecível,39,39,514.06,514.06,Sim,Não
CGO00058,FLT0006,282-11086890,Refrigerada,7,7,2278.33,2278.33,Sim,Não
CGO00059,FLT0006,859-28358198,Refrigerada,6,6,786.15,786.15,Sim,Não
CGO00060,FLT0006,991-49613214,DGR,44,44,2014.5,2014.5,Sim,Sim
CGO00061,FLT0007,692-41383044,Perecível,80,80,2212.9,2212.9,Sim,Não
CGO00062,FLT0007,047-14994527,Geral,64,64,307.98,307.98,Não,Não
CGO00063,FLT0007,425-97902129,Geral,63,63,1546.82,1546.82,Não,Não
CGO00064,FLT0007,558-96547189,Geral,51,51,704.19,704.19,Não,Não
CGO00065,FLT0007,806-85776373,Geral,71,71,533.75,533.75,Não,Não
CGO00066,FLT0007,554-43642236,Valiosa,15,17,1659.42,1659.42,Sim,Não
CGO00067,FLT0008,623-29909029,Geral,36,36,1568.31,1568.31,Não,Não
CGO00068,FLT0008,118-97874085,Refrigerada,71,71,1807.68,1807.68,Sim,Não
CGO00069,FLT0008,384-30486849,DGR,61,61,186.49,186.49,Sim,Sim
CGO00070,FLT0008,421-57459130,Avariada,55,55,2172.87,2172.87,Sim,Não
CGO00071,FLT0008,866-85291541,Pendente,80,80,1541.66,1541.66,Sim,Não
CGO00072,FLT0008,996-14114726,Geral,68,68,553.53,553.53,Não,Não
CGO00073,FLT0008,773-92924837,Geral,11,11,694.82,694.82,Não,Não
CGO00074,FLT0008,695-89609131,Perecível,40,40,132.64,132.64,Sim,Não
CGO00075,FLT0008,008-76757928,DGR,23,23,340.38,340.38,Sim,Sim
CGO00076,FLT0008,944-20450542,Avariada,74,74,1084.63,1084.63,Sim,Não
CGO00077,FLT0009,406-51644346,DGR,29,29,846.01,850.15,Sim,Sim
CGO00078,FLT0009,779-87774890,Geral,73,73,1614.62,1614.62,Não,Não
CGO00079,FLT0009,058-57236885,Perecível,40,40,1165.12,1165.12,Sim,Não
CGO00080,FLT0009,462-23891786,Avariada,44,44,2456.32,2357.18,Sim,Não
CGO00081,FLT0009,291-43822301,DGR,78,78,2185.73,2185.73,Sim,Sim
CGO00082,FLT0009,386-96368203,Valiosa,17,17,1681.89,1681.89,Sim,Não
CGO00083,FLT0010,520-82446804,Avariada,68,68,113.61,113.61,Sim,Não
CGO00084,FLT0010,925-32218290,DGR,6,6,1038.93,1038.93,Sim,Sim
CGO00085,FLT0010,926-36040410,Geral,74,74,2461.41,2461.41,Não,Não
CGO00086,FLT0010,257-17003454,Refrigerada,48,48,1395.26,1347.28,Sim,Não
CGO00087,FLT0010,084-60319927,Geral,41,41,2328.45,2328.45,Não,Não
CGO00088,FLT0010,745-91722503,Perecível,15,15,1944.91,1944.91,Sim,Não
CGO00089,FLT0011,362-42287985,Refrigerada,24,24,1667.64,1788.62,Sim,Não
CGO00090,FLT0011,791-88101741,DGR,43,43,350.86,350.86,Sim,Sim
CGO00091,FLT0011,038-49385195,Geral,26,26,2216.76,2216.76,Não,Não
CGO00092,FLT0011,800-16416148,Avariada,43,43,697.58,697.58,Sim,Não
CGO00093,FLT0011,377-79696025,Geral,11,13,1823.16,1823.16,Não,Não
CGO00094,FLT0011,362-92523968,Pendente,36,36,1605.88,1605.88,Sim,Não
CGO00095,FLT0011,147-91547054,DGR,57,57,106.3,106.3,Sim,Sim
CGO00096,FLT0011,256-25226815,Geral,24,24,1257.63,1257.63,Não,Não
CGO00097,FLT0011,503-36867482,Geral,10,10,1141.07,1141.07,Não,Não
CGO00098,FLT0011,162-95590648,Geral,47,45,1281.71,1281.71,Não,Não
CGO00099,FLT0011,076-26821075,Pendente,10,10,1135.94,1135.94,Sim,Não
CGO00100,FLT0011,890-17437386,Avariada,67,67,399.48,399.48,Sim,Não
CGO00101,FLT0011,158-32978158,Refrigerada,78,78,857.3,857.3,Sim,Não
CGO00102,FLT0011,032-76845536,Pendente,70,70,738.39,738.39,Sim,Não
CGO00103,FLT0012,779-59733063,Perecível,14,14,811.41,811.41,Sim,Não
CGO00104,FLT0012,479-76942394,Avariada,64,64,77.48,77.48,Sim,Não
CGO00105,FLT0012,670-73161098,Geral,2,2,2120.99,2120.99,Não,Não
CGO00106,FLT0012,296-19869264,Geral,58,58,1915.72,1915.72,Não,Não
CGO00107,FLT0012,375-29363237,Geral,66,66,1015.44,1015.44,Não,Não
CGO00108,FLT0012,726-85554415,Geral,3,3,933.53,933.53,Não,Não
CGO00109,FLT0012,718-24749927,Geral,57,57,797.96,797.96,Não,Não
CGO00110,FLT0013,306-40181142,Pendente,39,39,1932.51,1932.51,Sim,Não
CGO00111,FLT0013,918-62953249,Avariada,19,19,740.32,740.32,Sim,Não
CGO00112,FLT0013,576-46456416,Geral,79,79,1857.41,1857.41,Não,Não
CGO00113,FLT0013,790-28450513,Geral,71,71,2445.22,2445.22,Não,Não
CGO00114,FLT0013,857-63283709,Valiosa,24,24,2342.79,2342.79,Sim,Não
CGO00115,FLT0013,657-82920556,Perecível,18,18,2130.63,2130.63,Sim,Não
CGO00116,FLT0013,582-35925669,Geral,52,52,2070.93,2070.93,Não,Não
CGO00117,FLT0013,242-69959826,Valiosa,43,43,768.83,768.83,Sim,Não
CGO00118,FLT0013,703-77447155,Pendente,40,40,1731.92,1731.92,Sim,Não
CGO00119,FLT0013,383-65813853,DGR,61,61,1898.23,1898.23,Sim,Sim
CGO00120,FLT0013,115-18289024,Avariada,65,65,521.35,521.35,Sim,Não
CGO00121,FLT0013,457-17467311,Perecível,66,66,1050.25,1050.25,Sim,Não
CGO00122,FLT0013,047-66867700,Geral,9,9,1362.09,1362.09,Não,Não
CGO00123,FLT0014,746-39888974,Avariada,3,3,2446.66,2446.66,Sim,Não
CGO00124,FLT0014,960-25145751,Geral,54,54,1545.01,1545.01,Não,Não
CGO00125,FLT0014,750-87324220,Geral,77,77,1935.89,1935.89,Não,Não
CGO00126,FLT0014,901-33505978,Refrigerada,55,55,1398.51,1398.51,Sim,Não
CGO00127,FLT0014,937-17734153,Refrigerada,54,53,1402.07,1402.07,Sim,Não
CGO00128,FLT0014,217-35504548,Pendente,16,16,1872.26,1872.26,Sim,Não
CGO00129,FLT0014,547-97069904,Geral,34,34,911.92,911.92,Não,Não
CGO00130,FLT0015,236-60981231,Refrigerada,32,32,1258.27,1258.27,Sim,Não
CGO00131,FLT0015,738-83356206,Perecível,70,70,2476,2476,Sim,Não
CGO00132,FLT0015,725-30270856,Geral,65,65,1150.9,1150.9,Não,Não
CGO00133,FLT0015,963-34060788,Geral,13,13,1320.48,1320.48,Não,Não
CGO00134,FLT0015,250-40314047,Geral,11,11,1641.26,1641.26,Não,Não
CGO00135,FLT0015,085-77089857,Avariada,43,43,1423.32,1423.32,Sim,Não
CGO00136,FLT0015,921-82884346,Refrigerada,5,5,464.8,464.8,Sim,Não
CGO00137,FLT0015,870-62231715,DGR,70,70,842.69,842.69,Sim,Sim
CGO00138,FLT0015,697-88634827,Refrigerada,11,11,1934.98,1934.98,Sim,Não
CGO00139,FLT0015,966-51374957,Geral,35,35,273.53,273.53,Não,Não
CGO00140,FLT0016,432-50232066,Perecível,10,10,915.59,915.59,Sim,Não
CGO00141,FLT0016,636-60987966,Avariada,43,43,1111.75,1111.75,Sim,Não
CGO00142,FLT0016,327-49117508,DGR,63,63,2420.05,2420.05,Sim,Sim
CGO00143,FLT0016,028-71957885,Pendente,27,27,1107.37,1107.37,Sim,Não
CGO00144,FLT0016,733-66791272,Valiosa,10,10,1133.69,1133.69,Sim,Não
CGO00145,FLT0016,917-82062301,Refrigerada,11,11,291.24,291.24,Sim,Não
CGO00146,FLT0016,989-67774765,Geral,13,13,661.67,661.67,Não,Não
CGO00147,FLT0016,513-30232642,Geral,4,4,1217.27,1217.27,Não,Não
CGO00148,FLT0016,488-23102741,Geral,58,58,810.9,810.9,Não,Não
CGO00149,FLT0017,191-95963619,Refrigerada,51,51,92.4,92.4,Sim,Não
CGO00150,FLT0017,819-82060023,Geral,42,42,508.74,508.74,Não,Não
CGO00151,FLT0017,321-25819123,Geral,15,15,473.95,473.95,Não,Não
CGO00152,FLT0017,975-11286267,Perecível,25,25,2041.74,2041.74,Sim,Não
CGO00153,FLT0017,300-14388260,Geral,69,69,735.9,735.9,Não,Não
CGO00154,FLT0017,603-57060874,Avariada,79,77,1589.27,1589.27,Sim,Não
CGO00155,FLT0017,284-98032908,Geral,17,17,639.2,639.2,Não,Não
CGO00156,FLT0018,749-71532017,Refrigerada,46,46,2128.26,2128.26,Sim,Não
CGO00157,FLT0018,497-56135950,Pendente,7,7,133.94,133.94,Sim,Não
CGO00158,FLT0018,932-27705074,Pendente,39,39,414.26,414.26,Sim,Não
CGO00159,FLT0018,744-41426254,Geral,12,14,1765.17,1765.17,Não,Não
CGO00160,FLT0018,694-29173414,Geral,73,73,41.02,41.02,Não,Não
CGO00161,FLT0018,223-21635070,Pendente,18,18,1886.07,1886.07,Sim,Não
CGO00162,FLT0019,662-17324144,Valiosa,31,31,1247.32,1247.32,Sim,Não
CGO00163,FLT0019,945-18115992,Pendente,51,51,1276.39,1276.39,Sim,Não
CGO00164,FLT0019,666-96322745,Geral,56,56,1830.3,1830.3,Não,Não
CGO00165,FLT0019,843-44795538,Geral,17,17,1879.45,1879.45,Não,Não
CGO00166,FLT0019,591-94226031,Geral,59,58,1286.74,1286.74,Não,Não
CGO00167,FLT0019,184-14746418,Refrigerada,54,54,576.8,576.8,Sim,Não
CGO00168,FLT0019,048-63811222,Geral,60,60,2167.76,2167.76,Não,Não
CGO00169,FLT0019,638-42559072,Perecível,76,76,2430.21,2430.21,Sim,Não
CGO00170,FLT0019,355-95354668,Avariada,2,2,2378.46,2378.46,Sim,Não
CGO00171,FLT0020,653-62928934,Geral,73,73,174.46,174.46,Não,Não
CGO00172,FLT0020,279-41354768,Geral,26,26,357.56,357.56,Não,Não
CGO00173,FLT0020,213-70655283,Geral,34,34,2134.16,2134.16,Não,Não
CGO00174,FLT0020,840-33336132,Geral,52,52,2139.41,2139.41,Não,Não
CGO00175,FLT0020,266-20064609,Geral,9,9,510.42,510.42,Não,Não
CGO00176,FLT0020,905-29948970,Geral,80,80,1550.1,1550.1,Não,Não
CGO00177,FLT0020,497-56175477,Pendente,65,65,817.58,817.58,Sim,Não
CGO00178,FLT0021,607-52681823,Avariada,46,46,2286.67,2286.67,Sim,Não
CGO00179,FLT0021,001-54524582,Pendente,26,26,2019.98,2019.98,Sim,Não
CGO00180,FLT0021,984-19735027,Geral,51,51,1473.32,1473.32,Não,Não
CGO00181,FLT0021,711-92370625,Valiosa,29,29,1670.52,1670.52,Sim,Não
CGO00182,FLT0021,244-56548066,Pendente,22,22,1597.74,1597.74,Sim,Não
CGO00183,FLT0021,738-10171954,Geral,57,57,1836.81,1836.81,Não,Não
CGO00184,FLT0021,777-40277201,Geral,10,10,2002,2002,Não,Não
CGO00185,FLT0021,722-14159837,Geral,22,22,1526.15,1526.15,Não,Não
CGO00186,FLT0022,056-58429638,Geral,12,12,750.48,750.48,Não,Não
CGO00187,FLT0022,397-34814337,Geral,49,49,936.12,936.12,Não,Não
CGO00188,FLT0022,100-21503440,Refrigerada,70,70,1046.69,1046.69,Sim,Não
CGO00189,FLT0022,242-73922841,Geral,51,51,2258.89,2258.89,Não,Não
CGO00190,FLT0022,172-38439415,Avariada,17,20,125.84,125.84,Sim,Não
CGO00191,FLT0022,639-88863127,Perecível,54,54,299.05,299.05,Sim,Não
CGO00192,FLT0022,283-64086249,Geral,78,78,1708.42,1708.42,Não,Não
CGO00193,FLT0023,759-75023164,Valiosa,48,48,2056.12,2056.12,Sim,Não
CGO00194,FLT0023,853-36941091,Avariada,32,31,102.02,102.02,Sim,Não
CGO00195,FLT0023,916-44716747,DGR,12,12,726.97,726.97,Sim,Sim
CGO00196,FLT0023,886-11194267,Perecível,17,17,1625.48,1625.48,Sim,Não
CGO00197,FLT0023,873-56802956,Perecível,28,28,1177.41,1177.41,Sim,Não
CGO00198,FLT0023,268-98062882,DGR,39,39,487.13,487.13,Sim,Sim
CGO00199,FLT0023,266-66178935,Geral,5,5,1465.9,1465.9,Não,Não
CGO00200,FLT0023,866-32815223,Avariada,72,72,469.22,469.22,Sim,Não
CGO00201,FLT0023,267-88593968,Geral,16,16,1186.93,1186.93,Não,Não
CGO00202,FLT0023,306-65446317,Geral,20,20,360.67,360.67,Não,Não
CGO00203,FLT0023,182-52065724,Refrigerada,1,1,1141.09,1141.09,Sim,Não
CGO00204,FLT0024,196-12404661,DGR,32,32,581.14,581.14,Sim,Sim
CGO00205,FLT0024,467-79831928,Refrigerada,44,44,1095.49,1095.49,Sim,Não
CGO00206,FLT0024,230-27610141,Geral,3,3,1482.44,1482.44,Não,Não
CGO00207,FLT0024,561-43921959,Perecível,20,20,529.63,529.63,Sim,Não
CGO00208,FLT0024,510-36661903,Refrigerada,34,34,2082.12,2082.12,Sim,Não
CGO00209,FLT0024,799-78679929,Geral,13,13,2263.85,2263.85,Não,Não
CGO00210,FLT0024,367-68749047,Pendente,35,32,2198.62,2198.62,Sim,Não
CGO00211,FLT0024,695-68809216,Geral,49,49,1952.33,1952.33,Não,Não
CGO00212,FLT0024,979-99904987,Avariada,67,67,1317.3,1317.3,Sim,Não
CGO00213,FLT0024,628-17323740,Geral,21,21,1273.81,1273.81,Não,Não
CGO00214,FLT0024,659-60819877,Geral,31,31,215.5,215.5,Não,Não
CGO00215,FLT0024,423-14809280,Refrigerada,1,1,2068.25,2068.25,Sim,Não
CGO00216,FLT0024,865-70996586,Geral,80,80,1507.88,1507.88,Não,Não
CGO00217,FLT0025,110-44130133,Refrigerada,25,25,319.45,319.45,Sim,Não
CGO00218,FLT0025,127-70465703,Perecível,76,76,2391.35,2391.35,Sim,Não
CGO00219,FLT0025,429-91737749,Pendente,32,32,698.52,698.52,Sim,Não
CGO00220,FLT0025,999-33865616,Perecível,42,42,1781.67,1781.67,Sim,Não
CGO00221,FLT0025,828-11714029,Perecível,4,4,964.56,964.56,Sim,Não
CGO00222,FLT0025,576-40106027,DGR,72,72,984.44,984.44,Sim,Sim
CGO00223,FLT0025,774-88971743,Perecível,78,78,507.24,507.24,Sim,Não
CGO00224,FLT0025,042-67513345,Geral,34,34,342.56,342.56,Não,Não
CGO00225,FLT0025,793-93935292,Refrigerada,39,39,1236.57,1236.57,Sim,Não
CGO00226,FLT0025,550-64145722,Geral,29,29,2210.82,2210.82,Não,Não
CGO00227,FLT0025,665-11181612,Geral,45,45,1125.25,1125.25,Não,Não
CGO00228,FLT0026,304-97446634,Geral,66,66,224.22,224.22,Não,Não
CGO00229,FLT0026,183-43810519,Refrigerada,74,74,2057.62,2057.62,Sim,Não
CGO00230,FLT0026,065-88598977,Geral,10,10,907.1,907.1,Não,Não
CGO00231,FLT0026,547-39509878,Geral,51,51,1995.99,1995.99,Não,Não
CGO00232,FLT0026,006-86868988,Refrigerada,69,69,1377.86,1377.86,Sim,Não
CGO00233,FLT0027,499-54406060,Geral,31,31,268.11,268.11,Não,Não
CGO00234,FLT0027,828-52457517,Pendente,22,22,31.98,31.98,Sim,Não
CGO00235,FLT0027,880-28790705,Pendente,26,26,672.82,672.82,Sim,Não
CGO00236,FLT0027,038-84033693,Geral,70,70,1190.82,1190.82,Não,Não
CGO00237,FLT0027,515-11421591,Refrigerada,79,79,1716.72,1716.72,Sim,Não
CGO00238,FLT0027,368-15425057,Geral,63,63,594.74,594.74,Não,Não
CGO00239,FLT0027,041-97043518,Geral,67,67,1591.25,1591.25,Não,Não
CGO00240,FLT0027,856-20447168,Perecível,49,49,2432.23,2432.23,Sim,Não
CGO00241,FLT0027,236-20346606,Perecível,36,36,544.56,544.56,Sim,Não
CGO00242,FLT0027,491-38280205,Refrigerada,53,51,75.67,75.67,Sim,Não
CGO00243,FLT0027,222-70291054,Refrigerada,61,61,2170.91,2170.91,Sim,Não
CGO00244,FLT0027,881-77693989,DGR,20,20,1521.67,1521.67,Sim,Sim
CGO00245,FLT0027,824-87325627,Geral,18,18,651.2,651.2,Não,Não
CGO00246,FLT0027,121-79761254,Geral,27,27,1725.66,1725.66,Não,Não
CGO00247,FLT0028,573-84478941,Perecível,40,40,1452.57,1452.57,Sim,Não
CGO00248,FLT0028,844-29505652,Perecível,77,77,1099.74,1118.92,Sim,Não
CGO00249,FLT0028,238-92569402,Geral,5,5,912.16,912.16,Não,Não
CGO00250,FLT0028,942-22101856,Perecível,72,72,2289.22,2289.22,Sim,Não
CGO00251,FLT0028,573-19715480,Perecível,44,44,2368.6,2368.6,Sim,Não
CGO00252,FLT0028,985-71585593,DGR,76,76,2157.82,2157.82,Sim,Sim
CGO00253,FLT0028,529-81893982,Geral,34,34,635.68,635.68,Não,Não
CGO00254,FLT0028,212-40763714,Geral,32,32,2094.11,2094.11,Não,Não
CGO00255,FLT0028,044-74732147,Geral,41,41,1241,1241,Não,Não
CGO00256,FLT0028,056-80563016,Valiosa,62,62,2350.34,2350.34,Sim,Não
CGO00257,FLT0029,511-66900650,Geral,48,48,925.39,925.39,Não,Não
CGO00258,FLT0029,569-68011418,Avariada,26,26,381.69,381.69,Sim,Não
CGO00259,FLT0029,547-52376193,Valiosa,39,39,642.42,642.42,Sim,Não
CGO00260,FLT0029,353-12662253,Geral,45,45,2171.07,2171.07,Não,Não
CGO00261,FLT0029,523-75430302,Valiosa,58,58,2226.29,2226.29,Sim,Não
CGO00262,FLT0029,929-19575640,Geral,44,44,585.98,585.98,Não,Não
CGO00263,FLT0029,534-70436720,Geral,24,24,2138.45,2138.45,Não,Não
CGO00264,FLT0030,254-48141360,Geral,17,17,345.57,345.57,Não,Não
CGO00265,FLT0030,958-46562845,Perecível,18,18,2424.46,2424.46,Sim,Não
CGO00266,FLT0030,494-82433029,Geral,12,12,1115.81,1115.81,Não,Não
CGO00267,FLT0030,816-10968781,Perecível,25,25,1041.1,1041.1,Sim,Não
CGO00268,FLT0030,820-92304487,Avariada,35,35,726,726,Sim,Não
CGO00269,FLT0030,718-93584597,Perecível,42,39,68.1,68.1,Sim,Não
CGO00270,FLT0030,811-14259684,Geral,19,19,158.98,158.98,Não,Não
CGO00271,FLT0030,787-43415162,Geral,57,57,632.96,632.96,Não,Não
CGO00272,FLT0031,370-16991067,Avariada,28,28,2433.72,2433.72,Sim,Não
CGO00273,FLT0031,596-73789750,DGR,20,20,941.07,969.07,Sim,Sim
CGO00274,FLT0031,138-43647879,Pendente,63,63,1772.43,1772.43,Sim,Não
CGO00275,FLT0031,614-84426456,Geral,68,68,404.46,404.46,Não,Não
CGO00276,FLT0031,397-35483846,Perecível,64,64,1919.02,1919.02,Sim,Não
CGO00277,FLT0031,674-75754558,Perecível,76,76,654.73,654.73,Sim,Não
CGO00278,FLT0031,842-59535555,Valiosa,8,8,2062.63,2062.63,Sim,Não
CGO00279,FLT0031,572-65725133,DGR,74,74,907.75,907.75,Sim,Sim
CGO00280,FLT0032,247-85584002,Perecível,49,49,1918.96,1918.96,Sim,Não
CGO00281,FLT0032,912-50512501,Geral,29,29,552.76,552.76,Não,Não
CGO00282,FLT0032,142-45566111,Geral,75,75,639.65,639.65,Não,Não
CGO00283,FLT0032,178-75535348,Avariada,74,74,2052.4,2128.19,Sim,Não
CGO00284,FLT0032,650-94851591,Geral,40,40,1320.47,1320.47,Não,Não
CGO00285,FLT0032,457-89877290,Refrigerada,12,12,570.77,570.77,Sim,Não
CGO00286,FLT0032,631-80363346,Geral,10,10,680.32,680.32,Não,Não
CGO00287,FLT0032,672-13248985,Valiosa,22,22,2469.38,2469.38,Sim,Não
CGO00288,FLT0032,313-70406241,Perecível,43,43,538.34,538.34,Sim,Não
CGO00289,FLT0032,045-44286770,Geral,37,37,517.73,517.73,Não,Não
CGO00290,FLT0032,676-58347794,Avariada,3,3,745.39,745.39,Sim,Não
CGO00291,FLT0032,091-35020518,Geral,59,59,1410.51,1410.51,Não,Não
CGO00292,FLT0032,364-93917080,Geral,65,65,704.18,704.18,Não,Não
CGO00293,FLT0032,233-66013532,Geral,20,20,1077.63,1077.63,Não,Não
CGO00294,FLT0033,784-52773504,Pendente,53,53,2403.77,2403.77,Sim,Não
CGO00295,FLT0033,489-27996802,Perecível,78,78,1182.53,1182.53,Sim,Não
CGO00296,FLT0033,502-53606752,Avariada,32,32,1080.34,1080.34,Sim,Não
CGO00297,FLT0033,806-15168989,Perecível,58,58,1153.11,1153.11,Sim,Não
CGO00298,FLT0033,451-63424009,Pendente,37,37,1164.14,1164.14,Sim,Não
CGO00299,FLT0034,026-34008676,Perecível,26,26,2208.72,2208.72,Sim,Não
CGO00300,FLT0034,317-69895766,Geral,24,24,311.53,311.53,Não,Não
CGO00301,FLT0034,082-90693921,Refrigerada,32,32,2207.78,2207.78,Sim,Não
CGO00302,FLT0034,166-48168910,Refrigerada,77,77,1439.26,1439.26,Sim,Não
CGO00303,FLT0034,215-38058347,Refrigerada,14,14,1436.99,1436.99,Sim,Não
CGO00304,FLT0034,639-57493391,Pendente,79,79,1415.33,1415.33,Sim,Não
CGO00305,FLT0034,477-93947919,Valiosa,27,27,2002.92,2002.92,Sim,Não
CGO00306,FLT0034,070-51308532,Geral,71,71,823.33,823.33,Não,Não
CGO00307,FLT0034,160-94181424,Perecível,69,69,2241.9,2241.9,Sim,Não
CGO00308,FLT0034,939-57458790,Geral,20,20,715.54,715.54,Não,Não
CGO00309,FLT0034,850-50618137,Geral,39,39,454.03,454.03,Não,Não
CGO00310,FLT0034,496-80280155,Geral,42,42,375.37,375.37,Não,Não
CGO00311,FLT0035,206-35843038,Geral,69,69,811.49,811.49,Não,Não
CGO00312,FLT0035,556-57018904,Perecível,35,35,371.06,371.06,Sim,Não
CGO00313,FLT0035,913-89558393,Refrigerada,58,58,1548.46,1548.46,Sim,Não
CGO00314,FLT0035,318-96492401,DGR,60,60,1186.95,1186.95,Sim,Sim
CGO00315,FLT0035,067-73798298,Geral,62,62,1163.88,1163.88,Não,Não
CGO00316,FLT0035,562-31343341,Pendente,50,50,183.83,183.83,Sim,Não
CGO00317,FLT0035,080-87066247,Avariada,15,15,1488.56,1488.56,Sim,Não
CGO00318,FLT0035,790-60856575,Geral,8,8,244.52,244.52,Não,Não
CGO00319,FLT0035,201-37603443,DGR,41,41,763.34,763.34,Sim,Sim
CGO00320,FLT0035,064-59556257,Pendente,7,7,22.09,22.09,Sim,Não
CGO00321,FLT0036,569-61619474,Avariada,47,47,2103.11,2103.11,Sim,Não
CGO00322,FLT0036,916-91125155,Pendente,80,80,465.9,465.9,Sim,Não
CGO00323,FLT0036,243-77340900,Geral,70,70,1449.35,1449.35,Não,Não
CGO00324,FLT0036,091-42914388,Perecível,10,10,1716.5,1716.5,Sim,Não
CGO00325,FLT0036,588-54495054,Geral,38,38,737.24,737.24,Não,Não
CGO00326,FLT0036,085-27021671,Perecível,36,36,645.09,645.09,Sim,Não
CGO00327,FLT0036,497-34267798,Valiosa,5,6,870.26,870.26,Sim,Não
CGO00328,FLT0036,054-32494944,Perecível,61,61,767.39,767.39,Sim,Não
CGO00329,FLT0037,941-97518806,Avariada,43,43,690.41,690.41,Sim,Não
CGO00330,FLT0037,346-34148004,Geral,2,2,1688.55,1688.55,Não,Não
CGO00331,FLT0037,123-21594582,Avariada,17,17,952.38,952.38,Sim,Não
CGO00332,FLT0037,655-70860191,Pendente,36,36,1928.01,1928.01,Sim,Não
CGO00333,FLT0037,062-44660198,Pendente,34,36,461.27,461.27,Sim,Não
CGO00334,FLT0037,956-15078212,Refrigerada,35,35,395.99,395.99,Sim,Não
CGO00335,FLT0037,072-82494849,Geral,50,50,2386.31,2386.31,Não,Não
CGO00336,FLT0037,375-81756326,Avariada,44,44,219.53,219.53,Sim,Não
CGO00337,FLT0037,400-24330160,Refrigerada,46,46,1226.53,1226.53,Sim,Não
CGO00338,FLT0037,512-81664219,Pendente,58,58,2417.1,2417.1,Sim,Não
CGO00339,FLT0037,038-29003951,Perecível,3,3,1188.62,1188.62,Sim,Não
CGO00340,FLT0037,437-55277425,Avariada,52,52,824.1,824.1,Sim,Não
CGO00341,FLT0037,124-46761344,Geral,54,54,436.77,436.77,Não,Não
CGO00342,FLT0037,961-33427561,Refrigerada,5,5,1498.75,1498.75,Sim,Não
CGO00343,FLT0038,116-30027622,DGR,61,61,1253.84,1282.9,Sim,Sim
CGO00344,FLT0038,917-41581408,DGR,76,76,1457.81,1457.81,Sim,Sim
CGO00345,FLT0038,076-73215242,Refrigerada,7,7,2228.41,2228.41,Sim,Não
CGO00346,FLT0038,176-56113991,Geral,38,38,1517.02,1517.02,Não,Não
CGO00347,FLT0038,222-89400640,Perecível,60,60,712.34,712.34,Sim,Não
CGO00348,FLT0038,920-10681501,Geral,6,6,119.35,119.35,Não,Não
CGO00349,FLT0038,247-21152355,Refrigerada,2,2,1739.04,1739.04,Sim,Não
CGO00350,FLT0038,766-88337534,Geral,59,58,1170.13,1170.13,Não,Não
CGO00351,FLT0039,180-96996261,Refrigerada,9,9,1410.68,1410.68,Sim,Não
CGO00352,FLT0039,514-80690141,Avariada,61,61,1780.37,1780.37,Sim,Não
CGO00353,FLT0039,920-33999716,Geral,10,10,291.23,291.23,Não,Não
CGO00354,FLT0039,699-82670169,Pendente,61,61,879.82,879.82,Sim,Não
CGO00355,FLT0039,456-71472671,Geral,17,17,2247.74,2247.74,Não,Não
CGO00356,FLT0039,634-31580852,DGR,37,37,472.06,472.06,Sim,Sim
CGO00357,FLT0039,787-29513094,Pendente,41,41,407.01,407.01,Sim,Não
CGO00358,FLT0039,588-99508156,Geral,73,73,1826.79,1826.79,Não,Não
CGO00359,FLT0039,862-39576862,Geral,12,12,829.39,829.39,Não,Não
CGO00360,FLT0039,694-21727533,Pendente,51,51,502.24,502.24,Sim,Não
CGO00361,FLT0040,760-65782199,Avariada,37,37,426.2,426.2,Sim,Não
CGO00362,FLT0040,344-18873909,Pendente,76,76,1895.16,1895.16,Sim,Não
CGO00363,FLT0040,855-88545322,Geral,72,72,1854.84,1854.84,Não,Não
CGO00364,FLT0040,184-76019888,Pendente,32,32,90.54,90.54,Sim,Não
CGO00365,FLT0040,998-26050250,Geral,74,74,63.51,63.51,Não,Não
CGO00366,FLT0040,652-57779407,Geral,38,38,1333.44,1333.44,Não,Não
CGO00367,FLT0040,324-50409241,Geral,47,47,257.67,257.67,Não,Não
CGO00368,FLT0040,224-30744009,Perecível,25,25,1991.86,1991.86,Sim,Não
CGO00369,FLT0040,946-12332623,Perecível,40,40,1733.81,1733.81,Sim,Não
CGO00370,FLT0040,034-98555359,Perecível,8,8,1183.32,1183.32,Sim,Não
CGO00371,FLT0040,733-35709072,Pendente,22,22,2256.12,2256.12,Sim,Não
CGO00372,FLT0040,981-24404851,Geral,46,46,2453.63,2453.63,Não,Não
CGO00373,FLT0041,291-71330222,Refrigerada,40,40,1723.88,1723.88,Sim,Não
CGO00374,FLT0041,696-59317149,Geral,63,63,1686.8,1686.8,Não,Não
CGO00375,FLT0041,373-36720922,Geral,77,77,2113.19,2113.19,Não,Não
CGO00376,FLT0041,966-63718703,Geral,78,78,2376.34,2376.34,Não,Não
CGO00377,FLT0041,028-34037816,Geral,42,42,398.79,398.79,Não,Não
CGO00378,FLT0041,268-82804811,Geral,70,70,1375.62,1375.62,Não,Não
CGO00379,FLT0041,676-50673953,Pendente,22,22,1238.87,1238.87,Sim,Não
CGO00380,FLT0041,632-57347151,Valiosa,37,37,814.8,814.8,Sim,Não
CGO00381,FLT0041,664-51889289,Refrigerada,9,9,2174.97,2174.97,Sim,Não
CGO00382,FLT0041,101-75546384,Geral,27,27,853.2,853.2,Não,Não
CGO00383,FLT0041,078-81918425,Geral,34,34,137.88,137.88,Não,Não
CGO00384,FLT0042,321-36853878,Geral,33,33,1569.91,1569.91,Não,Não
CGO00385,FLT0042,986-72719315,Geral,69,69,2026.16,2026.16,Não,Não
CGO00386,FLT0042,867-65356542,Geral,37,37,1622.19,1622.19,Não,Não
CGO00387,FLT0042,675-83914523,Geral,6,6,2410.19,2410.19,Não,Não
CGO00388,FLT0042,373-98238841,Pendente,51,51,2359.04,2359.04,Sim,Não
CGO00389,FLT0042,954-80499222,Geral,12,12,610.43,610.43,Não,Não
CGO00390,FLT0042,503-81601127,Geral,15,15,804.9,804.9,Não,Não
CGO00391,FLT0042,621-14672042,Avariada,7,7,1732.89,1732.89,Sim,Não
CGO00392,FLT0042,243-69378298,Geral,51,51,2320.22,2320.22,Não,Não
CGO00393,FLT0042,786-96493863,Geral,5,5,699.61,699.61,Não,Não
CGO00394,FLT0042,657-96113089,Geral,57,57,1981.73,1981.73,Não,Não
CGO00395,FLT0042,898-60643036,Pendente,74,74,576.73,576.73,Sim,Não
CGO00396,FLT0042,411-92947099,Geral,34,34,390.14,390.14,Não,Não
CGO00397,FLT0043,134-67889258,Avariada,77,77,554.61,554.61,Sim,Não
CGO00398,FLT0043,255-59611937,Refrigerada,59,59,232.63,232.63,Sim,Não
CGO00399,FLT0043,054-54676053,Pendente,61,61,2272.4,2272.4,Sim,Não
CGO00400,FLT0043,505-55523530,Avariada,17,17,242.33,242.33,Sim,Não
CGO00401,FLT0043,370-67725168,Geral,34,34,1540.07,1540.07,Não,Não
CGO00402,FLT0043,570-98237348,Refrigerada,57,57,151.99,151.27,Sim,Não
CGO00403,FLT0043,358-22559810,Geral,37,37,468.02,468.02,Não,Não
CGO00404,FLT0043,097-54111700,Geral,16,16,997.54,997.54,Não,Não
CGO00405,FLT0043,333-86391152,Geral,7,7,2007.86,2007.86,Não,Não
CGO00406,FLT0043,409-21970652,Geral,27,27,424.09,424.09,Não,Não
CGO00407,FLT0043,618-27620998,Geral,13,13,2083.49,2083.49,Não,Não
CGO00408,FLT0044,664-30813102,Pendente,68,68,1581.31,1581.31,Sim,Não
CGO00409,FLT0044,308-43373708,Perecível,38,38,1429.97,1429.97,Sim,Não
CGO00410,FLT0044,600-20974924,Valiosa,3,3,302.56,302.56,Sim,Não
CGO00411,FLT0044,266-24271459,Geral,3,3,34.5,34.5,Não,Não
CGO00412,FLT0044,015-35609022,Geral,3,3,1746.16,1746.16,Não,Não
CGO00413,FLT0044,196-21555280,Geral,60,60,387.45,387.45,Não,Não
CGO00414,FLT0044,584-62577566,Geral,2,2,274.61,274.61,Não,Não
CGO00415,FLT0044,526-89327948,DGR,63,63,595.13,595.13,Sim,Sim
CGO00416,FLT0045,741-62394739,Pendente,47,47,1994.01,1994.01,Sim,Não
CGO00417,FLT0045,621-76060051,Geral,54,54,2358.78,2358.78,Não,Não
CGO00418,FLT0045,848-77575794,Geral,9,9,857.58,857.58,Não,Não
CGO00419,FLT0045,469-24888885,Pendente,79,79,1531.95,1531.95,Sim,Não
CGO00420,FLT0045,126-37097261,Geral,54,54,1927.66,1927.66,Não,Não
CGO00421,FLT0045,789-11335293,DGR,67,68,2360.23,2360.23,Sim,Sim
CGO00422,FLT0045,322-56192019,Geral,36,36,2252.52,2252.52,Não,Não
CGO00423,FLT0045,354-97074691,Geral,26,26,2204.82,2204.82,Não,Não
CGO00424,FLT0045,853-50794416,DGR,65,65,293.9,293.9,Sim,Sim
CGO00425,FLT0046,533-43236783,Geral,67,67,1464.28,1464.28,Não,Não
CGO00426,FLT0046,488-38827874,Geral,48,48,1698.52,1698.52,Não,Não
CGO00427,FLT0046,954-75705089,DGR,54,54,2063.05,2063.05,Sim,Sim
CGO00428,FLT0046,379-86740966,Geral,67,67,400.2,400.2,Não,Não
CGO00429,FLT0046,587-51567482,Refrigerada,44,44,1957.75,1957.75,Sim,Não
CGO00430,FLT0046,092-93855267,Refrigerada,53,53,980.34,980.34,Sim,Não
CGO00431,FLT0046,816-51452887,Refrigerada,16,16,1616.91,1616.91,Sim,Não
CGO00432,FLT0046,723-87786253,Geral,69,69,1525,1525,Não,Não
CGO00433,FLT0046,264-22217180,Geral,13,13,1363.61,1363.61,Não,Não
CGO00434,FLT0046,186-13646855,DGR,39,39,987.05,987.05,Sim,Sim
CGO00435,FLT0046,521-77702274,Geral,15,15,687.83,687.83,Não,Não
CGO00436,FLT0047,002-72364542,Pendente,80,80,737.34,737.34,Sim,Não
CGO00437,FLT0047,861-78495121,Geral,21,21,1853.17,1853.17,Não,Não
CGO00438,FLT0047,517-52722031,Pendente,44,44,1595.22,1595.22,Sim,Não
CGO00439,FLT0047,017-27948365,Refrigerada,1,2,1529.79,1529.79,Sim,Não
CGO00440,FLT0047,128-72101540,Geral,25,25,1122.55,1122.55,Não,Não
CGO00441,FLT0048,891-47224958,Refrigerada,64,64,442.78,442.78,Sim,Não
CGO00442,FLT0048,877-40596967,Pendente,36,36,495.79,495.79,Sim,Não
CGO00443,FLT0048,054-53352227,Geral,53,53,699.61,699.61,Não,Não
CGO00444,FLT0048,324-10692467,Geral,43,43,222.89,222.89,Não,Não
CGO00445,FLT0048,029-74420002,Geral,4,4,1489.48,1489.48,Não,Não
CGO00446,FLT0048,243-19785926,Valiosa,80,80,1107.55,1034.1,Sim,Não
CGO00447,FLT0049,902-93243271,Refrigerada,44,44,1634.29,1634.29,Sim,Não
CGO00448,FLT0049,927-86935230,Geral,66,66,655.59,655.59,Não,Não
CGO00449,FLT0049,983-97470361,Valiosa,40,40,1467.49,1467.49,Sim,Não
CGO00450,FLT0049,695-29407935,Geral,65,65,2051.58,2051.58,Não,Não
CGO00451,FLT0049,712-72733686,Refrigerada,43,43,2132.98,2132.98,Sim,Não
CGO00452,FLT0049,943-10496212,Refrigerada,30,30,1177.01,1177.01,Sim,Não
CGO00453,FLT0049,031-84449447,Geral,38,38,1112.21,1112.21,Não,Não
CGO00454,FLT0049,348-84424395,Geral,26,26,73.3,73.3,Não,Não
CGO00455,FLT0049,379-59976005,Refrigerada,68,68,2443.21,2443.21,Sim,Não
CGO00456,FLT0049,326-90470126,Geral,32,32,2304.11,2304.11,Não,Não
CGO00457,FLT0049,894-26972976,Avariada,75,75,2216.87,2216.87,Sim,Não
CGO00458,FLT0050,712-74867032,DGR,64,64,1194.92,1194.92,Sim,Sim
CGO00459,FLT0050,911-60611218,Refrigerada,48,48,651.23,651.23,Sim,Não
CGO00460,FLT0050,392-13317620,Geral,30,30,678.75,678.75,Não,Não
CGO00461,FLT0050,282-35587594,DGR,18,18,2496.04,2496.04,Sim,Sim
CGO00462,FLT0050,842-87840078,Valiosa,2,2,1190.57,1190.57,Sim,Não
CGO00463,FLT0050,776-72912993,DGR,60,60,864.84,864.84,Sim,Sim
CGO00464,FLT0050,430-67139083,DGR,52,52,1911.85,1911.85,Sim,Sim
CGO00465,FLT0050,645-90933663,Pendente,74,74,2170.02,2170.02,Sim,Não
CGO00466,FLT0050,917-50888822,Geral,14,14,1693.72,1693.72,Não,Não
CGO00467,FLT0050,490-19229212,Geral,27,27,342.23,342.23,Não,Não
CGO00468,FLT0050,283-37072082,Geral,19,19,1125.41,1125.41,Não,Não
CGO00469,FLT0050,295-96744801,Pendente,59,59,880.02,880.02,Sim,Não
CGO00470,FLT0050,933-98460225,Geral,73,73,256.92,256.92,Não,Não
CGO00471,FLT0051,785-53756742,Geral,22,22,646.86,646.86,Não,Não
CGO00472,FLT0051,407-15070029,Geral,15,15,1778.57,1778.57,Não,Não
CGO00473,FLT0051,128-81760022,DGR,22,22,212.41,212.41,Sim,Sim
CGO00474,FLT0051,714-16409704,Avariada,67,67,1609.71,1609.71,Sim,Não
CGO00475,FLT0051,256-60283960,Pendente,26,26,246.64,246.64,Sim,Não
CGO00476,FLT0051,851-99135168,Geral,22,22,129.15,129.15,Não,Não
CGO00477,FLT0051,238-38693064,Geral,42,42,450.58,450.58,Não,Não
CGO00478,FLT0051,045-19037049,Pendente,53,53,767.8,767.8,Sim,Não
CGO00479,FLT0051,695-27841755,Geral,41,41,2445.49,2445.49,Não,Não
CGO00480,FLT0051,602-11783979,Geral,79,79,1902.17,1902.17,Não,Não
CGO00481,FLT0051,769-13180065,Geral,43,43,869.97,869.97,Não,Não
CGO00482,FLT0051,067-75987111,Geral,25,25,149.23,149.23,Não,Não
CGO00483,FLT0051,319-32033022,DGR,32,32,1071.56,1071.56,Sim,Sim
CGO00484,FLT0052,021-61193233,Geral,11,11,1901.97,1901.97,Não,Não
CGO00485,FLT0052,576-91339346,Perecível,43,43,358.91,358.91,Sim,Não
CGO00486,FLT0052,383-61544630,Perecível,76,76,196.66,196.66,Sim,Não
CGO00487,FLT0052,727-75581713,Refrigerada,48,48,1747.21,1747.21,Sim,Não
CGO00488,FLT0052,120-22389075,Refrigerada,50,50,1006.21,1006.21,Sim,Não
CGO00489,FLT0052,392-88662295,Geral,53,53,1886.11,1886.11,Não,Não
CGO00490,FLT0052,767-63414658,DGR,1,1,2467.82,2467.82,Sim,Sim
CGO00491,FLT0052,203-75293067,Geral,15,15,1137.64,1137.64,Não,Não
CGO00492,FLT0052,642-93808429,Geral,22,22,217.93,212.43,Não,Não
CGO00493,FLT0052,385-90931259,Perecível,35,35,2331.68,2331.68,Sim,Não
CGO00494,FLT0052,388-91981404,Geral,46,46,2185.23,2185.23,Não,Não
CGO00495,FLT0052,717-43358157,Geral,80,80,1721.74,1721.74,Não,Não
CGO00496,FLT0053,200-29214803,Avariada,74,74,1966.46,1966.46,Sim,Não
CGO00497,FLT0053,978-25526124,Perecível,70,70,617.44,617.44,Sim,Não
CGO00498,FLT0053,226-44578317,Refrigerada,16,16,1670.38,1670.38,Sim,Não
CGO00499,FLT0053,735-61224263,Refrigerada,72,72,2416.3,2416.3,Sim,Não
CGO00500,FLT0053,119-86885150,Geral,41,41,2386.09,2386.09,Não,Não
CGO00501,FLT0053,696-26952687,Perecível,78,78,1485.12,1485.12,Sim,Não
CGO00502,FLT0053,869-87037211,Perecível,28,28,1247.66,1247.66,Sim,Não
CGO00503,FLT0053,946-34027688,Avariada,51,51,761.77,761.77,Sim,Não
CGO00504,FLT0053,541-47988968,Geral,25,25,1758.75,1758.75,Não,Não
CGO00505,FLT0053,168-87464756,Geral,62,62,741.88,741.88,Não,Não
CGO00506,FLT0053,643-64223156,Geral,16,16,617.32,617.32,Não,Não
CGO00507,FLT0053,282-94870367,Refrigerada,48,48,48.77,48.77,Sim,Não
CGO00508,FLT0053,129-23346779,Geral,69,69,478.53,478.53,Não,Não
CGO00509,FLT0053,731-97469782,Geral,27,27,2414.89,2414.89,Não,Não
CGO00510,FLT0054,969-79718468,Pendente,38,38,1654.71,1654.71,Sim,Não
CGO00511,FLT0054,679-16004304,Geral,25,25,371.33,371.33,Não,Não
CGO00512,FLT0054,564-44221141,Geral,21,21,1012.15,1012.15,Não,Não
CGO00513,FLT0054,277-26726377,Perecível,71,71,1028.82,1028.82,Sim,Não
CGO00514,FLT0054,975-24093227,Valiosa,16,16,455.81,455.81,Sim,Não
CGO00515,FLT0055,704-78929583,DGR,17,17,373.82,373.82,Sim,Sim
CGO00516,FLT0055,363-72903261,Perecível,36,36,2382.49,2382.49,Sim,Não
CGO00517,FLT0055,079-42217185,Pendente,22,22,1446.79,1446.79,Sim,Não
CGO00518,FLT0055,764-10978481,DGR,69,69,1879.18,1879.18,Sim,Sim
CGO00519,FLT0055,994-25197944,Geral,32,32,2082.68,2082.68,Não,Não
CGO00520,FLT0056,472-54097476,Geral,14,14,32.78,32.78,Não,Não
CGO00521,FLT0056,187-81998064,Avariada,14,14,2473.64,2473.64,Sim,Não
CGO00522,FLT0056,195-48238599,Geral,51,51,1064.22,1064.22,Não,Não
CGO00523,FLT0056,699-27103900,Geral,52,52,1264.61,1264.61,Não,Não
CGO00524,FLT0056,243-16984668,DGR,44,44,1085.57,1085.57,Sim,Sim
CGO00525,FLT0056,192-43482865,Geral,15,15,2163.13,2163.13,Não,Não
CGO00526,FLT0056,876-89349010,Refrigerada,20,18,588.87,588.87,Sim,Não
CGO00527,FLT0056,253-52928316,Pendente,24,23,121.41,121.41,Sim,Não
CGO00528,FLT0056,830-58504268,DGR,76,76,1331.58,1331.58,Sim,Sim
CGO00529,FLT0056,992-97826062,Avariada,25,25,1767.56,1767.56,Sim,Não
CGO00530,FLT0056,045-27157313,Geral,71,71,1784.78,1784.78,Não,Não
CGO00531,FLT0056,954-77628209,Valiosa,22,22,1505.9,1505.9,Sim,Não
CGO00532,FLT0056,411-91499471,Geral,24,24,28.93,28.93,Não,Não
CGO00533,FLT0056,275-84108442,Geral,29,29,133.12,133.12,Não,Não
CGO00534,FLT0057,740-27933045,Geral,79,79,751.34,751.34,Não,Não
CGO00535,FLT0057,889-88283995,Geral,49,49,2365.23,2365.23,Não,Não
CGO00536,FLT0057,879-63078200,Geral,30,30,1829.93,1829.93,Não,Não
CGO00537,FLT0057,966-34213769,Refrigerada,3,3,789.2,789.2,Sim,Não
CGO00538,FLT0057,540-28426925,DGR,2,2,1516.17,1516.17,Sim,Sim
CGO00539,FLT0057,014-11261132,Pendente,14,14,1365.08,1365.08,Sim,Não
CGO00540,FLT0057,491-30738427,Geral,70,70,1736.26,1736.26,Não,Não
CGO00541,FLT0057,701-61639439,DGR,15,15,1239.72,1239.72,Sim,Sim
CGO00542,FLT0057,838-48521233,Geral,14,14,692.31,692.31,Não,Não
CGO00543,FLT0058,131-34410491,Valiosa,46,46,811.9,811.9,Sim,Não
CGO00544,FLT0058,505-81467508,Perecível,30,30,973.88,973.88,Sim,Não
CGO00545,FLT0058,486-27930505,Pendente,8,8,2280.18,2280.18,Sim,Não
CGO00546,FLT0058,848-40143583,Geral,18,18,310.74,310.74,Não,Não
CGO00547,FLT0058,076-73998578,Avariada,21,21,94.86,94.86,Sim,Não
CGO00548,FLT0058,767-80793145,DGR,39,39,1186.06,1186.06,Sim,Sim
CGO00549,FLT0058,853-66857416,DGR,59,59,1394.31,1394.31,Sim,Sim
CGO00550,FLT0058,761-38435937,Geral,8,8,562.89,562.89,Não,Não
CGO00551,FLT0058,390-32122351,Geral,48,48,1623.69,1623.69,Não,Não
CGO00552,FLT0058,217-90142849,Geral,40,40,485.6,485.6,Não,Não
CGO00553,FLT0059,200-52207776,Valiosa,46,46,2435.15,2435.15,Sim,Não
CGO00554,FLT0059,976-41080809,Pendente,19,19,1926.69,1926.69,Sim,Não
CGO00555,FLT0059,214-91924787,Refrigerada,20,20,1425.91,1425.91,Sim,Não
CGO00556,FLT0059,166-19148527,Geral,47,47,896.35,896.35,Não,Não
CGO00557,FLT0059,376-78783800,Avariada,41,41,946.73,946.73,Sim,Não
CGO00558,FLT0059,009-30744991,Avariada,38,38,952.04,952.04,Sim,Não
CGO00559,FLT0059,477-24645711,Geral,14,14,2295.3,2295.3,Não,Não
CGO00560,FLT0059,760-73917095,Geral,59,59,114.94,114.94,Não,Não
CGO00561,FLT0059,701-66763408,Geral,23,23,227.31,227.31,Não,Não
CGO00562,FLT0059,204-56879065,Pendente,62,62,1199.24,1199.24,Sim,Não
CGO00563,FLT0059,741-99652407,Refrigerada,19,19,822.86,822.86,Sim,Não
CGO00564,FLT0059,270-79886056,DGR,58,58,2359.44,2359.44,Sim,Sim
CGO00565,FLT0059,515-26743037,DGR,59,59,1046.85,1046.85,Sim,Sim
CGO00566,FLT0060,768-93728466,Pendente,13,13,1591.14,1591.14,Sim,Não
CGO00567,FLT0060,974-26702129,Geral,60,60,1044.08,1044.08,Não,Não
CGO00568,FLT0060,859-65662309,DGR,1,1,2252.46,2252.46,Sim,Sim
CGO00569,FLT0060,441-42458022,Refrigerada,51,51,497.8,497.8,Sim,Não
CGO00570,FLT0060,448-41000202,Geral,17,17,1270.56,1270.56,Não,Não
CGO00571,FLT0060,448-11548620,Refrigerada,76,76,399.56,399.56,Sim,Não
CGO00572,FLT0060,744-60748656,Valiosa,7,7,701.91,701.91,Sim,Não
CGO00573,FLT0060,290-45164329,Pendente,12,12,211.91,211.91,Sim,Não
CGO00574,FLT0060,385-52088657,Refrigerada,58,61,2025.2,2025.2,Sim,Não
CGO00575,FLT0060,223-13959103,Geral,29,29,226.94,226.94,Não,Não
CGO00576,FLT0060,764-76545378,Geral,52,52,2307.42,2307.42,Não,Não
CGO00577,FLT0060,500-68179582,Pendente,55,55,1498.9,1498.9,Sim,Não
CGO00578,FLT0061,847-96583583,Pendente,68,68,893.59,893.59,Sim,Não
CGO00579,FLT0061,218-80767956,Geral,72,72,709.56,709.56,Não,Não
CGO00580,FLT0061,822-76294734,Perecível,36,36,1064.67,1064.67,Sim,Não
CGO00581,FLT0061,072-73068018,Geral,54,54,1813.67,1813.67,Não,Não
CGO00582,FLT0061,466-76214520,Avariada,16,16,2110.83,2110.83,Sim,Não
CGO00583,FLT0061,447-40379009,Geral,25,25,1815.79,1815.79,Não,Não
CGO00584,FLT0061,705-92241997,Valiosa,49,49,689.38,689.38,Sim,Não
CGO00585,FLT0061,288-53206211,Valiosa,62,62,580.06,580.06,Sim,Não
CGO00586,FLT0061,080-20085710,Pendente,8,8,546.94,546.94,Sim,Não
CGO00587,FLT0061,395-70724380,Avariada,66,66,523.49,523.49,Sim,Não
CGO00588,FLT0061,763-24790683,Geral,59,59,483.83,483.83,Não,Não
CGO00589,FLT0061,543-91530308,Perecível,56,56,290.78,277.73,Sim,Não
CGO00590,FLT0061,508-37609308,Geral,27,27,882.13,882.13,Não,Não
CGO00591,FLT0061,683-73699826,Geral,3,3,460.24,460.24,Não,Não
CGO00592,FLT0062,103-50883024,Avariada,43,43,1142.49,1142.49,Sim,Não
CGO00593,FLT0062,531-99112118,Avariada,77,77,1221.2,1221.2,Sim,Não
CGO00594,FLT0062,713-67810328,Geral,12,12,500.73,500.73,Não,Não
CGO00595,FLT0062,933-56821190,Pendente,51,51,1481.09,1481.09,Sim,Não
CGO00596,FLT0062,581-56573258,Geral,2,2,1257.34,1257.34,Não,Não
CGO00597,FLT0062,016-70915814,Geral,37,37,2067.17,2044.12,Não,Não
CGO00598,FLT0063,612-51706253,Geral,56,56,1703.73,1703.73,Não,Não
CGO00599,FLT0063,950-94331525,Perecível,24,24,952.4,952.4,Sim,Não
CGO00600,FLT0063,438-72619624,Geral,53,53,1163.98,1163.98,Não,Não
CGO00601,FLT0063,636-82916404,Pendente,38,38,152.77,152.77,Sim,Não
CGO00602,FLT0063,342-89770922,Geral,38,38,1422.3,1422.3,Não,Não
CGO00603,FLT0063,991-76478665,Geral,20,20,766.21,766.21,Não,Não
CGO00604,FLT0063,698-68939010,Avariada,79,82,325.53,325.53,Sim,Não
CGO00605,FLT0063,715-24406372,Perecível,55,55,387.45,387.45,Sim,Não
CGO00606,FLT0063,986-28697002,Perecível,59,59,706.72,706.72,Sim,Não
CGO00607,FLT0064,386-73317523,Refrigerada,24,24,1448.58,1448.58,Sim,Não
CGO00608,FLT0064,047-13962354,Avariada,21,21,594.63,594.63,Sim,Não
CGO00609,FLT0064,394-66378982,Pendente,8,8,1537.52,1523.14,Sim,Não
CGO00610,FLT0064,231-37003632,DGR,56,56,2038.32,2038.32,Sim,Sim
CGO00611,FLT0064,418-86275267,Perecível,10,10,864.96,864.96,Sim,Não
CGO00612,FLT0064,874-28505072,Avariada,57,57,1080.23,1080.23,Sim,Não
CGO00613,FLT0064,339-13025600,Geral,38,38,2307.24,2307.24,Não,Não
CGO00614,FLT0064,626-77115173,Geral,80,80,160.49,160.49,Não,Não
CGO00615,FLT0064,784-17971455,Geral,71,71,2045.57,2045.57,Não,Não
CGO00616,FLT0064,107-14778162,Perecível,29,29,1632.84,1632.84,Sim,Não
CGO00617,FLT0064,919-92631573,Pendente,48,48,892.44,892.44,Sim,Não
CGO00618,FLT0064,550-86242194,Geral,2,2,2185.67,2185.67,Não,Não
CGO00619,FLT0065,961-82966957,Geral,46,46,2246.15,2246.15,Não,Não
CGO00620,FLT0065,516-24009401,Geral,53,53,1769.64,1769.64,Não,Não
CGO00621,FLT0065,382-29053714,Geral,31,31,1751.89,1751.89,Não,Não
CGO00622,FLT0065,087-18015488,Geral,79,79,972.16,972.16,Não,Não
CGO00623,FLT0065,606-39064063,Valiosa,44,44,1819.95,1819.95,Sim,Não
CGO00624,FLT0065,587-86276344,Valiosa,34,34,423.12,423.12,Sim,Não
CGO00625,FLT0065,346-86649413,Geral,79,79,700.19,700.19,Não,Não
CGO00626,FLT0065,018-69043624,Geral,5,5,2415.4,2415.4,Não,Não
CGO00627,FLT0065,066-69114791,Geral,36,36,663.66,663.66,Não,Não
CGO00628,FLT0066,695-57423826,Perecível,6,6,1509.44,1509.44,Sim,Não
CGO00629,FLT0066,074-96152618,Geral,37,37,374.84,374.84,Não,Não
CGO00630,FLT0066,165-59432646,Geral,20,20,2281.44,2281.44,Não,Não
CGO00631,FLT0066,979-20376565,Pendente,29,29,1422.2,1422.2,Sim,Não
CGO00632,FLT0066,676-80390228,Perecível,41,41,687.57,687.57,Sim,Não
CGO00633,FLT0067,620-40917031,Geral,54,54,589.81,589.81,Não,Não
CGO00634,FLT0067,121-20939544,Geral,65,65,2458.45,2458.45,Não,Não
CGO00635,FLT0067,888-81042742,Pendente,55,55,898.83,898.83,Sim,Não
CGO00636,FLT0067,419-94668837,Geral,56,56,737.44,737.44,Não,Não
CGO00637,FLT0067,379-97161631,Perecível,42,42,1107.7,1107.7,Sim,Não
CGO00638,FLT0067,865-67269299,Geral,50,50,810.07,810.07,Não,Não
CGO00639,FLT0067,296-44819972,Pendente,14,14,2312.8,2312.8,Sim,Não
CGO00640,FLT0067,819-36190263,Geral,4,4,936.46,936.46,Não,Não
CGO00641,FLT0067,866-26098153,Geral,56,56,1243.27,1243.27,Não,Não
CGO00642,FLT0067,689-19943990,DGR,41,41,2232.84,2232.84,Sim,Sim
CGO00643,FLT0067,156-75029451,Avariada,64,64,720.85,720.85,Sim,Não
CGO00644,FLT0067,685-75103644,Perecível,51,51,1502.65,1502.65,Sim,Não
CGO00645,FLT0068,616-65298095,DGR,4,4,741.51,741.51,Sim,Sim
CGO00646,FLT0068,267-17332766,Geral,29,29,862.81,862.81,Não,Não
CGO00647,FLT0068,992-92316265,Refrigerada,17,17,1520.3,1520.3,Sim,Não
CGO00648,FLT0068,774-80673067,Geral,51,51,1982.53,1896.89,Não,Não
CGO00649,FLT0068,021-11978608,DGR,70,70,1520.08,1520.08,Sim,Sim
CGO00650,FLT0068,096-39830286,Pendente,72,72,710.82,710.82,Sim,Não
CGO00651,FLT0068,732-24536356,Perecível,74,74,2438.47,2438.47,Sim,Não
CGO00652,FLT0068,213-75741381,Refrigerada,11,11,370.5,370.5,Sim,Não
CGO00653,FLT0068,855-30214797,Geral,73,73,1504.85,1504.85,Não,Não
CGO00654,FLT0068,473-74826670,Perecível,11,11,2304.65,2304.65,Sim,Não
CGO00655,FLT0068,508-32913930,Refrigerada,68,68,1228.24,1228.24,Sim,Não
CGO00656,FLT0068,331-92557389,Pendente,73,75,1632.55,1632.55,Sim,Não
CGO00657,FLT0069,480-89786327,Geral,45,45,1598.13,1598.13,Não,Não
CGO00658,FLT0069,413-44191883,Refrigerada,26,26,212.14,212.14,Sim,Não
CGO00659,FLT0069,215-32561918,Geral,30,28,2472.94,2472.94,Não,Não
CGO00660,FLT0069,387-61744941,DGR,46,46,793.17,793.17,Sim,Sim
CGO00661,FLT0069,808-43626780,DGR,72,72,2251.41,2251.41,Sim,Sim
CGO00662,FLT0069,962-35633440,Geral,23,23,2334.32,2334.32,Não,Não
CGO00663,FLT0069,260-77483781,Pendente,78,78,697.11,697.11,Sim,Não
CGO00664,FLT0069,032-73190952,Pendente,59,59,1235.95,1235.95,Sim,Não
CGO00665,FLT0069,689-52477264,Pendente,22,22,2266.2,2266.2,Sim,Não
CGO00666,FLT0069,747-45787268,Geral,57,57,130.38,130.38,Não,Não
CGO00667,FLT0069,478-86258924,Avariada,12,12,1424.15,1424.15,Sim,Não
CGO00668,FLT0069,384-71787010,Geral,32,32,783.3,783.3,Não,Não
CGO00669,FLT0069,232-35265855,Geral,26,26,459.24,459.24,Não,Não
CGO00670,FLT0069,850-94694930,DGR,22,22,111.09,111.09,Sim,Sim
CGO00671,FLT0070,479-45010146,Geral,15,15,1302.23,1302.23,Não,Não
CGO00672,FLT0070,645-58168614,Avariada,2,2,413.7,413.7,Sim,Não
CGO00673,FLT0070,632-71263101,Refrigerada,56,56,1832.77,1832.77,Sim,Não
CGO00674,FLT0070,782-78043121,Geral,55,55,1939.7,1939.7,Não,Não
CGO00675,FLT0070,204-86234095,Valiosa,17,17,1665.25,1665.25,Sim,Não
CGO00676,FLT0070,206-33094634,Geral,11,11,477.79,477.79,Não,Não
CGO00677,FLT0070,353-23410159,Perecível,51,51,1752.97,1752.97,Sim,Não
CGO00678,FLT0070,335-48009735,Avariada,55,55,1500.41,1500.41,Sim,Não
CGO00679,FLT0071,319-61917499,DGR,62,62,106.37,106.37,Sim,Sim
CGO00680,FLT0071,884-64287520,Avariada,2,2,418.99,418.99,Sim,Não
CGO00681,FLT0071,548-58970920,Geral,23,23,2452.22,2452.22,Não,Não
CGO00682,FLT0071,466-68369685,Geral,37,37,118.81,118.81,Não,Não
CGO00683,FLT0071,025-82846470,Geral,38,38,905.08,905.08,Não,Não
CGO00684,FLT0071,282-56356961,Pendente,80,80,625.37,625.37,Sim,Não
CGO00685,FLT0071,023-34686713,Pendente,33,33,1809.55,1809.55,Sim,Não
CGO00686,FLT0071,711-16554015,Geral,61,61,553.72,553.72,Não,Não
CGO00687,FLT0071,417-37801369,Geral,54,54,1649.89,1649.89,Não,Não
CGO00688,FLT0072,488-84847472,Geral,44,44,812.71,812.71,Não,Não
CGO00689,FLT0072,991-20550656,Refrigerada,72,72,2462.67,2462.67,Sim,Não
CGO00690,FLT0072,762-75868272,Pendente,49,49,2304.52,2155.92,Sim,Não
CGO00691,FLT0072,906-94976274,Valiosa,41,41,1265.72,1265.72,Sim,Não
CGO00692,FLT0072,004-81493180,Avariada,60,60,1647.35,1647.35,Sim,Não
CGO00693,FLT0072,142-91833362,Refrigerada,11,11,1506.93,1506.93,Sim,Não
CGO00694,FLT0072,905-97793969,Geral,66,66,2161.33,2161.33,Não,Não
CGO00695,FLT0072,212-87524461,Perecível,32,32,1715.5,1715.5,Sim,Não
CGO00696,FLT0072,008-14338261,DGR,53,53,2170.32,2170.32,Sim,Sim
CGO00697,FLT0072,025-68857308,Perecível,8,8,746.55,746.55,Sim,Não
CGO00698,FLT0072,868-45232032,Valiosa,75,75,1888.87,1888.87,Sim,Não
CGO00699,FLT0073,152-80032031,Geral,29,29,2202.82,2202.82,Não,Não
CGO00700,FLT0073,762-27254103,Geral,38,38,2150.69,2150.69,Não,Não
CGO00701,FLT0073,764-79366132,Geral,80,80,2252.01,2252.01,Não,Não
CGO00702,FLT0073,892-80496099,Perecível,62,62,2244.89,2244.89,Sim,Não
CGO00703,FLT0073,920-40651479,DGR,47,47,1667.33,1667.33,Sim,Sim
CGO00704,FLT0073,458-86061476,Perecível,32,32,655.06,655.06,Sim,Não
CGO00705,FLT0073,928-27790417,Perecível,8,8,535.18,535.18,Sim,Não
CGO00706,FLT0074,773-64649280,Refrigerada,64,64,1585.2,1585.2,Sim,Não
CGO00707,FLT0074,451-24961257,Pendente,24,24,1229.2,1229.2,Sim,Não
CGO00708,FLT0074,351-95615203,DGR,24,24,500.12,500.12,Sim,Sim
CGO00709,FLT0074,625-98931424,Geral,67,67,2453.26,2453.26,Não,Não
CGO00710,FLT0074,149-51101815,Geral,46,46,2076.49,2076.49,Não,Não
CGO00711,FLT0074,363-96676830,Avariada,59,62,1922.28,1922.28,Sim,Não
CGO00712,FLT0074,400-75369583,Geral,78,78,1473.56,1473.56,Não,Não
CGO00713,FLT0074,307-87052803,Geral,12,12,1106.89,1106.89,Não,Não
CGO00714,FLT0074,717-52139163,Pendente,47,47,2264.66,2264.66,Sim,Não
CGO00715,FLT0075,852-80920296,Geral,66,66,946.22,946.22,Não,Não
CGO00716,FLT0075,579-22367293,Pendente,15,15,1338.77,1338.77,Sim,Não
CGO00717,FLT0075,284-72507231,Perecível,20,20,1633.1,1633.1,Sim,Não
CGO00718,FLT0075,877-39915787,Refrigerada,42,42,1340.26,1340.26,Sim,Não
CGO00719,FLT0075,968-15295236,Valiosa,70,73,884.33,884.33,Sim,Não
CGO00720,FLT0076,993-33501092,Perecível,75,75,1816.81,1944.92,Sim,Não
CGO00721,FLT0076,364-58371054,Pendente,9,9,1096.69,1096.69,Sim,Não
CGO00722,FLT0076,748-96887136,Pendente,6,6,369.02,369.02,Sim,Não
CGO00723,FLT0076,888-98711501,Geral,80,80,1048.89,1048.89,Não,Não
CGO00724,FLT0076,911-73149753,Geral,19,19,2285.67,2285.67,Não,Não
CGO00725,FLT0076,331-98097063,Perecível,79,79,1677.71,1677.71,Sim,Não
CGO00726,FLT0077,678-29491232,Refrigerada,5,5,1874.88,1874.88,Sim,Não
CGO00727,FLT0077,331-11572026,Refrigerada,62,62,2147.05,2147.05,Sim,Não
CGO00728,FLT0077,947-55278396,Geral,24,24,653.11,653.11,Não,Não
CGO00729,FLT0077,564-49689985,Geral,45,45,781.44,781.44,Não,Não
CGO00730,FLT0077,018-36665991,DGR,46,46,1323.43,1323.43,Sim,Sim
CGO00731,FLT0077,163-23440304,DGR,80,80,581.12,581.12,Sim,Sim
CGO00732,FLT0077,923-80027906,Pendente,61,61,1180.65,1100.34,Sim,Não
CGO00733,FLT0077,199-43362943,Avariada,10,10,581.24,581.24,Sim,Não
CGO00734,FLT0077,336-11445395,Refrigerada,67,67,791.68,791.68,Sim,Não
CGO00735,FLT0077,116-94140870,Perecível,75,75,437.77,437.77,Sim,Não
CGO00736,FLT0078,014-23573570,DGR,63,63,622.01,622.01,Sim,Sim
CGO00737,FLT0078,605-96258750,Pendente,74,74,255.39,255.39,Sim,Não
CGO00738,FLT0078,451-71839874,Refrigerada,67,67,112.45,112.45,Sim,Não
CGO00739,FLT0078,747-71286924,Avariada,33,33,909.3,909.3,Sim,Não
CGO00740,FLT0078,813-31554308,Geral,71,71,1627.75,1627.75,Não,Não
CGO00741,FLT0078,857-40544052,Geral,40,40,271.22,271.22,Não,Não
CGO00742,FLT0079,195-88094160,Geral,65,65,1756.57,1756.57,Não,Não
CGO00743,FLT0079,898-99011879,Geral,34,34,381.5,381.5,Não,Não
CGO00744,FLT0079,027-76369717,Geral,29,29,628.47,628.47,Não,Não
CGO00745,FLT0079,570-83984321,Pendente,25,25,1042.56,1042.56,Sim,Não
CGO00746,FLT0079,823-45374067,Geral,47,47,2252.13,2252.13,Não,Não
CGO00747,FLT0079,815-82246104,Refrigerada,13,13,2452.91,2452.91,Sim,Não
CGO00748,FLT0080,067-47056223,Refrigerada,4,4,1789.76,1789.76,Sim,Não
CGO00749,FLT0080,818-78176556,Pendente,19,19,1920.42,1920.42,Sim,Não
CGO00750,FLT0080,073-92389614,Geral,53,53,1831.34,1831.34,Não,Não
CGO00751,FLT0080,092-22638132,Pendente,74,74,1758.3,1758.3,Sim,Não
CGO00752,FLT0080,663-94960805,Geral,58,58,1884.5,1884.5,Não,Não
CGO00753,FLT0080,636-76867454,Geral,28,30,2439.92,2439.92,Não,Não
CGO00754,FLT0080,605-79590395,Geral,13,13,1254.17,1254.17,Não,Não
CGO00755,FLT0080,068-55411755,Geral,19,19,613.84,613.84,Não,Não
CGO00756,FLT0080,535-62906603,Valiosa,26,26,720.75,720.75,Sim,Não
CGO00757,FLT0080,806-48546517,Valiosa,8,8,1328.32,1328.32,Sim,Não
CGO00758,FLT0081,973-34924955,Pendente,41,41,200.95,200.95,Sim,Não
CGO00759,FLT0081,858-63949988,Geral,19,19,1504.9,1504.9,Não,Não
CGO00760,FLT0081,280-64922351,DGR,54,54,2062.42,2062.42,Sim,Sim
CGO00761,FLT0081,979-63446108,Geral,37,37,726.07,726.07,Não,Não
CGO00762,FLT0081,037-72942341,Perecível,15,15,587.04,587.04,Sim,Não
CGO00763,FLT0081,786-35363046,Valiosa,41,41,128.52,128.52,Sim,Não
CGO00764,FLT0081,674-68904348,Geral,57,57,192.07,192.07,Não,Não
CGO00765,FLT0081,548-12343684,Refrigerada,22,22,1815.72,1815.72,Sim,Não
CGO00766,FLT0081,354-95456101,Perecível,20,20,1146.47,1146.47,Sim,Não
CGO00767,FLT0081,443-50246214,Geral,59,59,1037.72,1037.72,Não,Não
CGO00768,FLT0081,455-62135917,Perecível,44,44,828.51,828.51,Sim,Não
CGO00769,FLT0081,373-72193264,Perecível,53,53,949.55,949.55,Sim,Não
CGO00770,FLT0082,025-37709690,Geral,23,23,697.83,697.83,Não,Não
CGO00771,FLT0082,757-27522806,Valiosa,63,63,804.21,804.21,Sim,Não
CGO00772,FLT0082,340-22072478,Geral,46,46,523.46,511.98,Não,Não
CGO00773,FLT0082,420-31244038,Refrigerada,61,61,1755.66,1755.66,Sim,Não
CGO00774,FLT0082,489-32878479,Valiosa,76,76,1726.54,1726.54,Sim,Não
CGO00775,FLT0082,907-55604049,Pendente,48,48,190.85,190.85,Sim,Não
CGO00776,FLT0082,526-47613959,Pendente,4,4,1234.23,1234.23,Sim,Não
CGO00777,FLT0082,673-71483466,Refrigerada,43,43,1387.16,1387.16,Sim,Não
CGO00778,FLT0082,803-66977334,Geral,44,44,348.2,348.2,Não,Não
CGO00779,FLT0082,883-78288809,Pendente,3,3,2030.67,2030.67,Sim,Não
CGO00780,FLT0082,010-11804855,DGR,44,44,2178,2178,Sim,Sim
CGO00781,FLT0082,205-20892520,Geral,12,12,29.53,29.53,Não,Não
CGO00782,FLT0083,082-33602309,Pendente,34,34,376.85,376.85,Sim,Não
CGO00783,FLT0083,857-89498261,Geral,53,53,1276.5,1276.5,Não,Não
CGO00784,FLT0083,067-18270439,Geral,45,45,2258.68,2258.68,Não,Não
CGO00785,FLT0083,308-75644207,Geral,25,25,585.72,585.72,Não,Não
CGO00786,FLT0083,325-61198338,Pendente,20,20,1010.56,1010.56,Sim,Não
CGO00787,FLT0084,993-99360714,Geral,14,14,185.93,185.93,Não,Não
CGO00788,FLT0084,647-31287253,Geral,40,40,1716.46,1716.46,Não,Não
CGO00789,FLT0084,994-73555187,Geral,58,58,937.62,937.62,Não,Não
CGO00790,FLT0084,340-36088942,Pendente,42,42,1958.36,1958.36,Sim,Não
CGO00791,FLT0084,902-22828887,Geral,19,19,1566.55,1566.55,Não,Não
CGO00792,FLT0084,845-93302571,Perecível,19,19,1963.54,1963.54,Sim,Não
CGO00793,FLT0084,754-36164817,Perecível,65,65,720.49,720.49,Sim,Não
CGO00794,FLT0084,477-29812515,Geral,49,49,1397.06,1397.06,Não,Não
CGO00795,FLT0084,132-53325981,Pendente,16,16,150.01,150.01,Sim,Não
CGO00796,FLT0084,406-33890545,Geral,5,5,1616.18,1616.18,Não,Não
CGO00797,FLT0084,084-65383843,Geral,9,9,1241.29,1241.29,Não,Não
CGO00798,FLT0084,119-44997902,Geral,8,8,1619,1619,Não,Não
CGO00799,FLT0085,358-20821631,Refrigerada,48,48,1282.69,1282.69,Sim,Não
CGO00800,FLT0085,667-48303287,Perecível,58,58,1516.35,1516.35,Sim,Não
CGO00801,FLT0085,906-43867505,Geral,4,4,788.56,788.56,Não,Não
CGO00802,FLT0085,772-32180457,Pendente,62,62,1410.86,1410.86,Sim,Não
CGO00803,FLT0085,921-26116397,Geral,34,34,1153.18,1153.18,Não,Não
CGO00804,FLT0086,221-18745327,Geral,49,49,94.15,94.15,Não,Não
CGO00805,FLT0086,727-47791498,DGR,26,24,2008.81,2008.81,Sim,Sim
CGO00806,FLT0086,558-31997576,Geral,48,48,1820.97,1820.97,Não,Não
CGO00807,FLT0086,834-76372099,DGR,53,53,913.62,913.62,Sim,Sim
CGO00808,FLT0086,352-77961532,Pendente,19,19,1505.01,1505.01,Sim,Não
CGO00809,FLT0086,681-32105914,DGR,43,43,1233.17,1233.17,Sim,Sim
CGO00810,FLT0086,232-95962340,Refrigerada,20,20,2089.19,2089.19,Sim,Não
CGO00811,FLT0087,124-37794800,Geral,10,10,186.21,186.21,Não,Não
CGO00812,FLT0087,635-89146958,Pendente,79,79,1491.47,1491.47,Sim,Não
CGO00813,FLT0087,089-73736212,Geral,12,12,225.75,225.75,Não,Não
CGO00814,FLT0087,566-70558903,Geral,53,53,255.49,255.49,Não,Não
CGO00815,FLT0087,924-70629628,Geral,21,21,118.74,118.74,Não,Não
CGO00816,FLT0087,792-60562450,Geral,24,24,574.09,574.09,Não,Não
CGO00817,FLT0087,970-91229370,Refrigerada,57,57,1250.44,1250.44,Sim,Não
CGO00818,FLT0087,447-84797064,DGR,9,9,181.63,181.63,Sim,Sim
CGO00819,FLT0087,089-86560560,Geral,26,26,1126.33,1126.33,Não,Não
CGO00820,FLT0088,328-42705658,Avariada,28,28,487.89,487.89,Sim,Não
CGO00821,FLT0088,879-78433310,Geral,9,9,1204.67,1204.67,Não,Não
CGO00822,FLT0088,269-64544939,Geral,56,56,126.41,126.41,Não,Não
CGO00823,FLT0088,767-27089453,Perecível,66,66,2224.09,2224.09,Sim,Não
CGO00824,FLT0088,576-21387389,DGR,19,19,1936.84,1936.84,Sim,Sim
CGO00825,FLT0088,481-55241475,Geral,63,63,2438.56,2438.56,Não,Não
CGO00826,FLT0088,950-53508602,Pendente,73,73,494.34,494.34,Sim,Não
CGO00827,FLT0089,596-79808342,Geral,38,38,1603.72,1603.72,Não,Não
CGO00828,FLT0089,582-71616570,Perecível,19,19,651.72,651.72,Sim,Não
CGO00829,FLT0089,502-89896025,Geral,56,56,979.47,979.47,Não,Não
CGO00830,FLT0089,011-24956155,Geral,80,80,1804.54,1804.54,Não,Não
CGO00831,FLT0089,024-84317731,Refrigerada,29,29,446.17,446.17,Sim,Não
CGO00832,FLT0089,287-24413227,Geral,40,40,1099.28,1099.28,Não,Não
CGO00833,FLT0089,022-76978961,Perecível,50,50,2098.78,2098.78,Sim,Não
CGO00834,FLT0089,415-46794685,Geral,38,38,2248.16,2248.16,Não,Não
CGO00835,FLT0089,354-58254034,Geral,63,63,1102,1102,Não,Não
CGO00836,FLT0089,173-39412039,Avariada,67,67,1505.78,1505.78,Sim,Não
CGO00837,FLT0089,567-16719620,Geral,68,68,2331.39,2331.39,Não,Não
CGO00838,FLT0089,238-22384401,Refrigerada,74,74,1643.46,1643.46,Sim,Não
CGO00839,FLT0090,780-59517025,DGR,20,20,1343.47,1343.47,Sim,Sim
CGO00840,FLT0090,172-16488684,Perecível,17,17,619.98,619.98,Sim,Não
CGO00841,FLT0090,773-15673858,Geral,49,49,357.04,357.04,Não,Não
CGO00842,FLT0090,533-57504416,Valiosa,74,74,1801.52,1801.52,Sim,Não
CGO00843,FLT0090,863-50056231,Geral,53,53,968.78,968.78,Não,Não
CGO00844,FLT0090,886-89246161,Valiosa,18,18,1629.7,1629.7,Sim,Não
CGO00845,FLT0090,904-37473351,Perecível,54,54,2399.85,2399.85,Sim,Não
CGO00846,FLT0090,199-51653367,Pendente,22,22,47.42,47.42,Sim,Não
CGO00847,FLT0090,600-26548749,Pendente,63,63,1094.85,1094.85,Sim,Não
CGO00848,FLT0090,451-95255730,Geral,19,19,1910.03,1910.03,Não,Não
CGO00849,FLT0090,583-35993176,Geral,20,20,1078.74,1078.74,Não,Não
CGO00850,FLT0090,938-32226983,Pendente,64,64,303.31,303.31,Sim,Não
CGO00851,FLT0090,760-54372362,Refrigerada,42,42,1326.24,1326.24,Sim,Não
CGO00852,FLT0091,844-29860461,Refrigerada,29,29,2204.25,2204.25,Sim,Não
CGO00853,FLT0091,249-31803062,Refrigerada,9,9,1941.92,1941.92,Sim,Não
CGO00854,FLT0091,242-75299603,Avariada,63,63,2321.03,2321.03,Sim,Não
CGO00855,FLT0091,874-21123747,Geral,11,11,1994.56,1994.56,Não,Não
CGO00856,FLT0091,040-88230615,Geral,6,6,1543.62,1543.62,Não,Não
CGO00857,FLT0091,230-48077170,Geral,44,44,1669.22,1669.22,Não,Não
CGO00858,FLT0092,061-88877489,Avariada,19,19,287.03,287.03,Sim,Não
CGO00859,FLT0092,953-96477961,Refrigerada,71,71,1828.86,1828.86,Sim,Não
CGO00860,FLT0092,803-53430116,Geral,42,42,1868.3,1868.3,Não,Não
CGO00861,FLT0092,096-75349833,Avariada,43,43,387.46,387.46,Sim,Não
CGO00862,FLT0092,647-58416029,DGR,79,79,945.1,945.1,Sim,Sim
CGO00863,FLT0092,561-48949083,Perecível,59,59,130.39,130.39,Sim,Não
CGO00864,FLT0093,272-10575125,Perecível,6,6,570.07,570.07,Sim,Não
CGO00865,FLT0093,182-83157151,Refrigerada,2,2,1719.01,1719.01,Sim,Não
CGO00866,FLT0093,709-83642672,Refrigerada,10,10,2457.38,2457.38,Sim,Não
CGO00867,FLT0093,477-78555677,Geral,79,79,710.19,710.19,Não,Não
CGO00868,FLT0093,835-81780879,Geral,45,45,93.88,93.88,Não,Não
CGO00869,FLT0093,793-88699165,DGR,9,9,2440.82,2440.82,Sim,Sim
CGO00870,FLT0093,585-57703861,Geral,48,48,1628.82,1628.82,Não,Não
CGO00871,FLT0093,034-95641687,Geral,40,40,1351.96,1351.96,Não,Não
CGO00872,FLT0093,288-55626134,Avariada,10,10,2438.32,2438.32,Sim,Não
CGO00873,FLT0093,891-28444834,Pendente,78,78,1506.87,1506.87,Sim,Não
CGO00874,FLT0093,773-82652905,Pendente,11,11,2032.71,2032.71,Sim,Não
CGO00875,FLT0094,913-74018781,Geral,47,47,1026.85,1026.85,Não,Não
CGO00876,FLT0094,981-78408689,Geral,53,53,33.11,33.11,Não,Não
CGO00877,FLT0094,198-80837586,Geral,18,18,1023.21,1023.21,Não,Não
CGO00878,FLT0094,002-25382790,Geral,25,25,1872.03,1872.03,Não,Não
CGO00879,FLT0094,763-16249742,DGR,51,51,349.75,349.75,Sim,Sim
CGO00880,FLT0094,458-29378852,Geral,16,16,2174.63,2174.63,Não,Não
CGO00881,FLT0095,259-10410356,Geral,21,21,172.28,172.28,Não,Não
CGO00882,FLT0095,437-11847858,Perecível,68,68,181.93,181.93,Sim,Não
CGO00883,FLT0095,226-68804717,Pendente,3,3,1956.9,1956.9,Sim,Não
CGO00884,FLT0095,707-23265355,Geral,67,67,2002.66,2002.66,Não,Não
CGO00885,FLT0095,954-84619451,Avariada,74,74,2001.51,2001.51,Sim,Não
CGO00886,FLT0096,484-93834973,Geral,32,32,825.29,825.29,Não,Não
CGO00887,FLT0096,106-85854351,Pendente,30,30,1038.62,1038.62,Sim,Não
CGO00888,FLT0096,659-89004075,Pendente,27,27,251.84,251.84,Sim,Não
CGO00889,FLT0096,488-47189249,Perecível,1,1,2317.05,2317.05,Sim,Não
CGO00890,FLT0096,022-99563301,Geral,23,23,2059.34,2059.34,Não,Não
CGO00891,FLT0096,138-14226637,Geral,27,27,929.27,929.27,Não,Não
CGO00892,FLT0096,176-60269323,Geral,23,23,1717.41,1717.41,Não,Não
CGO00893,FLT0096,171-45720719,DGR,72,72,2211.9,2211.9,Sim,Sim
CGO00894,FLT0096,626-69737061,Geral,34,34,1523.58,1523.58,Não,Não
CGO00895,FLT0096,816-27015981,Pendente,30,30,1847.77,1847.77,Sim,Não
CGO00896,FLT0096,552-41111726,Valiosa,31,31,2271.84,2271.84,Sim,Não
CGO00897,FLT0097,716-95395947,Geral,19,19,1569.6,1569.6,Não,Não
CGO00898,FLT0097,776-95501953,Refrigerada,11,11,1726.13,1726.13,Sim,Não
CGO00899,FLT0097,362-51989214,Geral,15,15,1990.83,1990.83,Não,Não
CGO00900,FLT0097,808-15698862,Geral,61,61,120.15,120.15,Não,Não
CGO00901,FLT0097,423-30035090,Valiosa,66,66,585.05,585.05,Sim,Não
CGO00902,FLT0097,641-73051358,Geral,27,27,616.17,616.17,Não,Não
CGO00903,FLT0097,877-80574608,Geral,9,9,170.57,170.57,Não,Não
CGO00904,FLT0097,529-36018939,Geral,25,28,1330.24,1330.24,Não,Não
CGO00905,FLT0098,085-72003930,Avariada,50,50,743.23,743.23,Sim,Não
CGO00906,FLT0098,378-55624728,Perecível,24,24,748.71,748.71,Sim,Não
CGO00907,FLT0098,984-81183035,Perecível,3,3,1934.65,1934.65,Sim,Não
CGO00908,FLT0098,690-55624499,Geral,8,8,2482.95,2482.95,Não,Não
CGO00909,FLT0098,405-39780071,Avariada,14,14,243.34,243.34,Sim,Não
CGO00910,FLT0098,505-39096022,Geral,42,42,2498.62,2587.92,Não,Não
CGO00911,FLT0098,214-13566065,Pendente,4,4,1473.5,1473.5,Sim,Não
CGO00912,FLT0098,484-95474336,DGR,34,34,1828.57,1828.57,Sim,Sim
CGO00913,FLT0098,079-51772295,Refrigerada,16,16,2179.69,2179.69,Sim,Não
CGO00914,FLT0099,463-46912514,Geral,54,54,210.33,210.33,Não,Não
CGO00915,FLT0099,346-41896662,Perecível,51,51,1083.1,1083.1,Sim,Não
CGO00916,FLT0099,396-30668431,DGR,10,10,814.54,814.54,Sim,Sim
CGO00917,FLT0099,447-86778111,Geral,63,63,1072.69,1072.69,Não,Não
CGO00918,FLT0099,918-84427853,Geral,68,68,2463.16,2463.16,Não,Não
CGO00919,FLT0099,218-41373052,Refrigerada,79,79,1815.17,1815.17,Sim,Não
CGO00920,FLT0099,724-86878220,Refrigerada,54,54,1921.24,1921.24,Sim,Não
CGO00921,FLT0099,594-61552873,Refrigerada,73,73,635.54,635.54,Sim,Não
CGO00922,FLT0100,638-13081728,Pendente,61,61,404.4,404.4,Sim,Não
CGO00923,FLT0100,533-91434066,Geral,78,78,2271.49,2271.49,Não,Não
CGO00924,FLT0100,909-99064587,Geral,19,19,2257.58,2257.58,Não,Não
CGO00925,FLT0100,151-68270032,Refrigerada,12,12,1963.33,1963.33,Sim,Não
CGO00926,FLT0100,864-35775293,Valiosa,52,52,1362.84,1362.84,Sim,Não
CGO00927,FLT0100,771-40029161,Geral,66,66,1096.94,1096.94,Não,Não
CGO00928,FLT0100,834-92126467,Geral,4,4,138.83,138.83,Não,Não
CGO00929,FLT0100,422-94151519,Geral,48,48,566.87,566.87,Não,Não
CGO00930,FLT0100,144-64119168,Valiosa,53,53,1685.06,1685.06,Sim,Não
CGO00931,FLT0100,946-16401529,Pendente,73,73,1754.22,1754.22,Sim,Não
CGO00932,FLT0100,465-41153693,Geral,17,17,2386.4,2386.4,Não,Não
CGO00933,FLT0101,769-66626400,Geral,66,66,2449.27,2449.27,Não,Não
CGO00934,FLT0101,304-51218029,Geral,7,7,1820.45,1715.84,Não,Não
CGO00935,FLT0101,482-81696670,Geral,19,19,2264.51,2264.51,Não,Não
CGO00936,FLT0101,804-91402258,Geral,55,55,2169.13,2169.13,Não,Não
CGO00937,FLT0101,461-13076093,Perecível,76,76,1370.6,1370.6,Sim,Não
CGO00938,FLT0101,827-29668825,Avariada,2,2,925.41,948.94,Sim,Não
CGO00939,FLT0101,154-19779395,Perecível,23,23,200.43,200.43,Sim,Não
CGO00940,FLT0101,639-91733397,Perecível,70,70,2172.83,2172.83,Sim,Não
CGO00941,FLT0102,645-18860687,Refrigerada,37,37,880.01,880.01,Sim,Não
CGO00942,FLT0102,412-70073059,Geral,26,26,1357.39,1357.39,Não,Não
CGO00943,FLT0102,997-71928861,Perecível,69,69,1241.33,1241.33,Sim,Não
CGO00944,FLT0102,506-15124422,Valiosa,69,69,809.27,809.27,Sim,Não
CGO00945,FLT0102,774-62365641,Geral,80,80,843.05,843.05,Não,Não
CGO00946,FLT0102,275-43716263,Geral,68,68,995.07,995.07,Não,Não
CGO00947,FLT0102,590-46138454,Valiosa,29,29,2168.4,2168.4,Sim,Não
CGO00948,FLT0102,780-55350551,DGR,62,62,461.19,461.19,Sim,Sim
CGO00949,FLT0102,801-59667523,Geral,65,65,283.4,283.4,Não,Não
CGO00950,FLT0102,017-91857225,Geral,63,63,1937.05,1937.05,Não,Não
CGO00951,FLT0102,077-25193029,Pendente,77,77,1220.94,1220.94,Sim,Não
CGO00952,FLT0102,222-33288072,Geral,28,28,2047.5,2047.5,Não,Não
CGO00953,FLT0102,867-30090581,DGR,14,14,723.03,723.03,Sim,Sim
CGO00954,FLT0103,133-41542499,Avariada,68,68,1403.36,1403.36,Sim,Não
CGO00955,FLT0103,598-77973150,Geral,58,58,1356.51,1356.51,Não,Não
CGO00956,FLT0103,988-58816297,Valiosa,41,41,1973.27,1973.27,Sim,Não
CGO00957,FLT0103,341-13408559,Geral,1,1,2208.58,2208.58,Não,Não
CGO00958,FLT0103,493-14535123,Perecível,55,55,1397.75,1397.75,Sim,Não
CGO00959,FLT0103,148-77053091,Pendente,29,29,1069.22,1069.22,Sim,Não
CGO00960,FLT0103,757-32509513,Pendente,37,37,538.69,538.69,Sim,Não
CGO00961,FLT0103,622-29221670,Avariada,1,1,1574.74,1574.74,Sim,Não
CGO00962,FLT0103,735-84188311,Perecível,4,4,1340.63,1340.63,Sim,Não
CGO00963,FLT0103,267-58746187,Refrigerada,35,35,1219.91,1219.91,Sim,Não
CGO00964,FLT0104,661-72917577,Geral,59,59,1724.96,1724.96,Não,Não
CGO00965,FLT0104,177-30829470,Refrigerada,73,73,2275.91,2275.91,Sim,Não
CGO00966,FLT0104,919-32355818,Geral,47,47,1762.13,1762.13,Não,Não
CGO00967,FLT0104,475-76183001,Geral,51,51,738.81,738.81,Não,Não
CGO00968,FLT0104,458-91014816,Avariada,75,75,1108.21,1108.21,Sim,Não
CGO00969,FLT0104,029-23228017,Geral,47,47,1004.89,1004.89,Não,Não
CGO00970,FLT0105,835-86861917,Avariada,74,74,815.42,815.42,Sim,Não
CGO00971,FLT0105,950-88769634,DGR,4,4,249.34,249.34,Sim,Sim
CGO00972,FLT0105,512-22472749,Refrigerada,15,12,380.06,380.06,Sim,Não
CGO00973,FLT0105,043-26234545,Refrigerada,5,5,1127.3,1127.3,Sim,Não
CGO00974,FLT0105,586-35829473,Geral,44,44,536.84,536.84,Não,Não
CGO00975,FLT0105,861-89376527,Geral,47,47,2486.53,2486.53,Não,Não
CGO00976,FLT0106,867-13629536,Geral,10,10,2222.49,2222.49,Não,Não
CGO00977,FLT0106,285-18094532,Geral,80,80,172.57,172.57,Não,Não
CGO00978,FLT0106,128-12262929,Refrigerada,52,52,2392.34,2392.34,Sim,Não
CGO00979,FLT0106,357-59924941,Geral,23,23,2365.51,2365.51,Não,Não
CGO00980,FLT0106,817-79012477,Geral,27,27,86.08,86.08,Não,Não
CGO00981,FLT0106,529-15720821,Perecível,67,67,261.62,261.62,Sim,Não
CGO00982,FLT0106,521-15697626,Geral,14,14,631.33,631.33,Não,Não
CGO00983,FLT0106,308-36775702,Avariada,23,23,303.23,303.23,Sim,Não
CGO00984,FLT0107,688-36892617,Refrigerada,21,21,2060.01,2060.01,Sim,Não
CGO00985,FLT0107,851-28551845,DGR,61,61,67.07,67.07,Sim,Sim
CGO00986,FLT0107,600-41668937,Perecível,71,71,188.5,188.5,Sim,Não
CGO00987,FLT0107,044-44295540,Refrigerada,65,65,113.99,113.99,Sim,Não
CGO00988,FLT0107,664-18740077,Geral,76,76,1108.76,1108.76,Não,Não
CGO00989,FLT0107,781-53260996,Geral,27,27,1847.68,1847.68,Não,Não
CGO00990,FLT0107,170-67819252,Avariada,18,18,85.24,85.24,Sim,Não
CGO00991,FLT0107,682-98484896,Geral,34,34,255.79,255.79,Não,Não
CGO00992,FLT0108,835-19477031,Pendente,52,52,2237.53,2237.53,Sim,Não
CGO00993,FLT0108,451-78027985,Geral,2,2,1356.97,1356.97,Não,Não
CGO00994,FLT0108,524-77066497,DGR,76,76,690.63,690.63,Sim,Sim
CGO00995,FLT0108,434-25098554,Geral,6,6,1246,1246,Não,Não
CGO00996,FLT0108,110-71772299,Refrigerada,51,51,470.68,470.68,Sim,Não
CGO00997,FLT0109,157-85273750,Geral,50,50,373,373,Não,Não
CGO00998,FLT0109,984-39796682,Geral,52,52,1341.1,1341.1,Não,Não
CGO00999,FLT0109,456-90791349,Refrigerada,55,55,74.7,74.7,Sim,Não
CGO01000,FLT0109,774-90489037,Refrigerada,21,21,2496.48,2496.48,Sim,Não
CGO01001,FLT0109,329-84664486,Perecível,52,52,844.48,844.48,Sim,Não
CGO01002,FLT0110,482-74993537,Pendente,9,9,1935.55,1935.55,Sim,Não
CGO01003,FLT0110,869-24037331,Valiosa,42,42,1563.92,1563.92,Sim,Não
CGO01004,FLT0110,596-63127076,DGR,71,71,1112.06,1112.06,Sim,Sim
CGO01005,FLT0110,629-28088212,DGR,24,24,165.3,165.3,Sim,Sim
CGO01006,FLT0110,233-89994643,Perecível,72,72,2022.61,2022.61,Sim,Não
CGO01007,FLT0110,306-81182754,Pendente,33,33,463.74,463.74,Sim,Não
CGO01008,FLT0111,502-69471346,Geral,4,4,1436.6,1436.6,Não,Não
CGO01009,FLT0111,265-64282556,Avariada,17,17,2138.63,2138.63,Sim,Não
CGO01010,FLT0111,302-34299307,Pendente,58,58,1081.89,1081.89,Sim,Não
CGO01011,FLT0111,258-81592930,Valiosa,50,50,2483.57,2483.57,Sim,Não
CGO01012,FLT0111,457-28107315,Pendente,53,53,1985.47,1985.47,Sim,Não
CGO01013,FLT0111,778-74252953,Geral,56,56,877.38,877.38,Não,Não
CGO01014,FLT0111,318-27168689,Geral,72,72,1742.9,1742.9,Não,Não
CGO01015,FLT0111,968-35977719,Geral,58,58,727.96,727.96,Não,Não
CGO01016,FLT0111,212-42600976,Refrigerada,22,22,1233.43,1233.43,Sim,Não
CGO01017,FLT0111,396-91722595,Pendente,30,30,826,826,Sim,Não
CGO01018,FLT0112,294-79013223,Pendente,55,55,876.44,876.44,Sim,Não
CGO01019,FLT0112,744-99861199,Geral,77,77,325.87,325.87,Não,Não
CGO01020,FLT0112,601-80825861,Perecível,20,20,2214.3,2214.3,Sim,Não
CGO01021,FLT0112,260-60578899,Geral,12,12,2157.38,2157.38,Não,Não
CGO01022,FLT0112,607-70334957,Geral,31,31,610.9,610.9,Não,Não
CGO01023,FLT0112,581-38197836,Pendente,67,67,2170,2170,Sim,Não
CGO01024,FLT0112,180-10283548,Geral,67,67,977.13,977.13,Não,Não
CGO01025,FLT0112,125-11503786,Perecível,38,38,489.59,489.59,Sim,Não
CGO01026,FLT0112,774-16357179,Valiosa,36,36,1064.43,1064.43,Sim,Não
CGO01027,FLT0112,204-12268507,Perecível,52,52,2291.68,2291.68,Sim,Não
CGO01028,FLT0112,095-19908724,Geral,51,51,2292.03,2292.03,Não,Não
CGO01029,FLT0112,629-89387274,Geral,80,80,1184.2,1184.2,Não,Não
CGO01030,FLT0112,387-81711972,DGR,73,73,1562.14,1569.13,Sim,Sim
CGO01031,FLT0113,442-58117953,Perecível,67,67,1451.73,1451.73,Sim,Não
CGO01032,FLT0113,957-28683135,Pendente,60,60,915.79,915.79,Sim,Não
CGO01033,FLT0113,617-34813934,Valiosa,13,13,1363.69,1363.69,Sim,Não
CGO01034,FLT0113,831-45478283,DGR,47,47,680.67,680.67,Sim,Sim
CGO01035,FLT0113,509-10008169,DGR,3,6,2346.48,2346.48,Sim,Sim
CGO01036,FLT0113,287-10678721,Geral,63,63,1310.02,1310.02,Não,Não
CGO01037,FLT0113,947-60082221,Geral,9,9,166.12,166.12,Não,Não
CGO01038,FLT0114,233-69134843,Geral,73,73,357.69,357.69,Não,Não
CGO01039,FLT0114,879-65314483,Geral,77,77,657.59,657.59,Não,Não
CGO01040,FLT0114,319-82265483,Geral,10,10,108.09,108.09,Não,Não
CGO01041,FLT0114,304-38633439,Pendente,47,47,1105.87,1105.87,Sim,Não
CGO01042,FLT0114,040-67615231,Geral,76,76,1378.93,1378.93,Não,Não
CGO01043,FLT0114,944-94640648,Pendente,39,39,1026.61,1026.61,Sim,Não
CGO01044,FLT0114,211-85775443,Geral,2,2,1493.29,1493.29,Não,Não
CGO01045,FLT0114,911-41349369,Geral,11,11,2492.02,2492.02,Não,Não
CGO01046,FLT0114,456-62219432,Geral,23,23,437.11,437.11,Não,Não
CGO01047,FLT0114,813-85952511,Geral,8,8,46.23,46.23,Não,Não
CGO01048,FLT0115,691-59144824,Refrigerada,30,30,1672.74,1672.74,Sim,Não
CGO01049,FLT0115,122-10403216,Geral,17,17,2345.47,2345.47,Não,Não
CGO01050,FLT0115,932-22588985,Pendente,44,44,2203.64,2203.64,Sim,Não
CGO01051,FLT0115,047-58499037,Geral,5,5,167.13,167.13,Não,Não
CGO01052,FLT0115,491-77236886,Geral,17,17,1797.31,1797.31,Não,Não
CGO01053,FLT0115,470-60596989,Valiosa,21,21,848.75,848.75,Sim,Não
CGO01054,FLT0115,597-18207186,Refrigerada,74,74,1762.09,1762.09,Sim,Não
CGO01055,FLT0115,936-65566748,Perecível,32,32,54.58,54.58,Sim,Não
CGO01056,FLT0115,999-71275566,Geral,73,73,1400.08,1400.08,Não,Não
CGO01057,FLT0115,320-32479737,Geral,30,30,2384.06,2384.06,Não,Não
CGO01058,FLT0115,262-72001039,Pendente,4,4,1743.36,1629.23,Sim,Não
CGO01059,FLT0115,516-68590128,Geral,48,48,844.14,844.14,Não,Não
CGO01060,FLT0115,530-15966926,DGR,44,44,2294.58,2294.58,Sim,Sim
CGO01061,FLT0115,527-28535751,Geral,62,62,423.03,423.03,Não,Não
CGO01062,FLT0116,690-26982970,DGR,2,2,336.4,336.4,Sim,Sim
CGO01063,FLT0116,713-23856023,Geral,25,25,122.74,122.74,Não,Não
CGO01064,FLT0116,353-89842205,Geral,57,57,1153.16,1153.16,Não,Não
CGO01065,FLT0116,092-65795728,DGR,10,10,1184.8,1184.8,Sim,Sim
CGO01066,FLT0116,863-82640278,Avariada,9,9,1557.82,1557.82,Sim,Não
CGO01067,FLT0117,953-30531509,Geral,66,66,2014.37,2014.37,Não,Não
CGO01068,FLT0117,401-36353271,DGR,78,78,1930.12,1930.12,Sim,Sim
CGO01069,FLT0117,445-25766710,Geral,19,19,654.2,654.2,Não,Não
CGO01070,FLT0117,696-79080131,Avariada,6,6,1343.83,1343.83,Sim,Não
CGO01071,FLT0117,729-21359569,Refrigerada,74,74,1713.09,1713.09,Sim,Não
CGO01072,FLT0117,683-17731369,Geral,31,31,577.78,577.78,Não,Não
CGO01073,FLT0117,692-46045914,Perecível,59,59,1015.41,1015.41,Sim,Não
CGO01074,FLT0117,878-46353477,Geral,77,77,1946.76,1946.76,Não,Não
CGO01075,FLT0117,409-89986323,Geral,48,48,1447.78,1447.78,Não,Não
CGO01076,FLT0117,684-45537084,Refrigerada,75,75,504.63,504.63,Sim,Não
CGO01077,FLT0117,423-39529338,Refrigerada,59,59,580.49,580.49,Sim,Não
CGO01078,FLT0118,215-58687226,Avariada,36,36,1853.03,1853.03,Sim,Não
CGO01079,FLT0118,152-39872087,Pendente,60,60,1143.36,1143.36,Sim,Não
CGO01080,FLT0118,048-94463186,DGR,20,20,2037.91,2037.91,Sim,Sim
CGO01081,FLT0118,747-27183032,Geral,24,24,813.08,813.08,Não,Não
CGO01082,FLT0118,941-39208016,Valiosa,68,68,2019.19,2019.19,Sim,Não
CGO01083,FLT0118,877-75047236,Valiosa,45,45,336.99,336.99,Sim,Não
CGO01084,FLT0118,835-69417375,Geral,79,79,491.46,491.46,Não,Não
CGO01085,FLT0119,359-14665196,Perecível,12,12,2270.35,2270.35,Sim,Não
CGO01086,FLT0119,850-36830566,Geral,13,13,55.12,55.12,Não,Não
CGO01087,FLT0119,265-64027629,Perecível,42,42,1117.69,1117.69,Sim,Não
CGO01088,FLT0119,300-44058594,Pendente,45,45,1409.33,1409.33,Sim,Não
CGO01089,FLT0119,387-34567276,Avariada,80,80,2482.4,2482.4,Sim,Não
CGO01090,FLT0119,118-81346472,Geral,51,51,1715.51,1715.51,Não,Não
CGO01091,FLT0119,669-85388033,Geral,2,3,2223.43,2223.43,Não,Não
CGO01092,FLT0119,960-94048378,Refrigerada,48,48,234.47,234.47,Sim,Não
CGO01093,FLT0119,591-60462544,Refrigerada,28,28,1485.52,1485.52,Sim,Não
CGO01094,FLT0119,154-51269401,Geral,26,26,1437.5,1437.5,Não,Não
CGO01095,FLT0119,221-19958063,Geral,63,63,2235.13,2235.13,Não,Não
CGO01096,FLT0119,544-81774964,Refrigerada,70,70,1062.48,1062.48,Sim,Não
CGO01097,FLT0119,317-35283412,Geral,66,66,1686.84,1686.84,Não,Não
CGO01098,FLT0120,459-89602636,Perecível,40,40,2214.34,2214.34,Sim,Não
CGO01099,FLT0120,579-67260591,Refrigerada,60,60,1114.62,1114.62,Sim,Não
CGO01100,FLT0120,691-37698521,Geral,31,31,2468.87,2468.87,Não,Não
CGO01101,FLT0120,289-65559093,Refrigerada,32,32,760.37,760.37,Sim,Não
CGO01102,FLT0120,406-86421624,Pendente,76,76,626.58,626.58,Sim,Não
CGO01103,FLT0120,018-80574974,Valiosa,72,72,444.92,444.92,Sim,Não
CGO01104,FLT0120,882-74255018,Valiosa,62,62,830.52,830.52,Sim,Não
CGO01105,FLT0120,880-26865926,Geral,2,2,126.42,126.42,Não,Não
CGO01106,FLT0120,755-57750842,Geral,15,15,526.02,526.02,Não,Não
CGO01107,FLT0120,860-73263970,Pendente,72,72,2351,2351,Sim,Não
CGO01108,FLT0120,713-53923567,Geral,29,29,229.91,229.91,Não,Não
CGO01109,FLT0120,956-28217622,Geral,32,32,503.36,503.36,Não,Não
CGO01110,FLT0120,426-77704078,DGR,51,51,1957.95,1957.95,Sim,Sim
CGO01111,FLT0120,157-97754046,Geral,63,63,1106.62,1106.62,Não,Não
