manifest_id,cargo_id,declared_cargo_nature,manifest_error_flag,manifest_error_type,cargo_nature_missing_flag,manifest_observation
MAN00001,CGO00001,Geral,Sim,Erro de digitação,Não,Informação ausente ou divergente no manifesto
MAN00002,CGO00002,Geral,Não,,Não,
MAN00003,CGO00003,Refrigerada,Não,,Não,
MAN00004,CGO00004,DGR,Sim,Divergência de volumes,Não,Informação ausente ou divergente no manifesto
MAN00005,CGO00005,Refrigerada,Não,,Não,
MAN00006,CGO00006,Perecível,Não,,Não,
MAN00007,CGO00007,Geral,Não,,Não,
MAN00008,CGO00008,,Sim,Natureza da carga não informada,Sim,Informação ausente ou divergente no manifesto
MAN00009,CGO00009,Perecível,Não,,Não,
MAN00010,CGO00010,Geral,Não,,Não,
MAN00011,CGO00011,DGR,Não,,Não,
MAN00012,CGO00012,Geral,Não,,Não,
MAN00013,CGO00013,Geral,Não,,Não,
MAN00014,CGO00014,Geral,Não,,Não,
MAN00015,CGO00015,Pendente,Não,,Não,
MAN00016,CGO00016,Pendente,Não,,Não,
MAN00017,CGO00017,Perecível,Não,,Não,
MAN00018,CGO00018,Valiosa,Não,,Não,
MAN00019,CGO00019,Geral,Não,,Não,
MAN00020,CGO00020,Geral,Não,,Não,
MAN00021,CGO00021,Geral,Não,,Não,
MAN00022,CGO00022,Geral,Não,,Não,
MAN00023,CGO00023,Avariada,Não,,Não,
MAN00024,CGO00024,Refrigerada,Não,,Não,
MAN00025,CGO00025,Refrigerada,Não,,Não,
MAN00026,CGO00026,Perecível,Não,,Não,
MAN00027,CGO00027,Avariada,Não,,Não,
MAN00028,CGO00028,Geral,Sim,AWB divergente,Não,Informação ausente ou divergente no manifesto
MAN00029,CGO00029,Geral,Não,,Não,
MAN00030,CGO00030,Pendente,Não,,Não,
MAN00031,CGO00031,Valiosa,Não,,Não,
MAN00032,CGO00032,Geral,Não,,Não,
MAN00033,CGO00033,,Sim,Erro de digitação,Sim,Informação ausente ou divergente no manifesto
MAN00034,CGO00034,Refrigerada,Sim,Erro de digitação,Não,Informação ausente ou divergente no manifesto
MAN00035,CGO00035,Valiosa,Não,,Não,
MAN00036,CGO00036,Avariada,Não,,Não,
MAN00037,CGO00037,Valiosa,Não,,Não,
MAN00038,CGO00038,Refrigerada,Sim,AWB divergente,Não,Informação ausente ou divergente no manifesto
MAN00039,CGO00039,Geral,Não,,Não,
MAN00040,CGO00040,,Sim,Natureza da carga não informada,Sim,Informação ausente ou divergente no manifesto
MAN00041,CGO00041,Geral,Não,,Não,
MAN00042,CGO00042,Geral,Não,,Não,
MAN00043,CGO00043,Geral,Não,,Não,
MAN00044,CGO00044,,Sim,Natureza da carga não informada,Sim,Informação ausente ou divergente no manifesto
MAN00045,CGO00045,Refrigerada,Não,,Não,
MAN00046,CGO00046,Refrigerada,Não,,Não,
MAN00047,CGO00047,Avariada,Não,,Não,
MAN00048,CGO00048,Pendente,Não,,Não,
MAN00049,CGO00049,Perecível,Não,,Não,
MAN00050,CGO00050,Avariada,Não,,Não,
MAN00051,CGO00051,Pendente,Não,,Não,
MAN00052,CGO00052,Pendente,Não,,Não,
MAN00053,CGO00053,Perecível,Não,,Não,
MAN00054,CGO00054,Geral,Não,,Não,
MAN00055,CGO00055,Pendente,Sim,AWB divergente,Não,Informação ausente ou divergente no manifesto
MAN00056,CGO00056,Geral,Não,,Não,
MAN00057,CGO00057,Perecível,Não,,Não,
MAN00058,CGO00058,Refrigerada,Não,,Não,
MAN00059,CGO00059,Refrigerada,Não,,Não,
MAN00060,CGO00060,DGR,Não,,Não,
MAN00061,CGO00061,Perecível,Não,,Não,
MAN00062,CGO00062,Geral,Não,,Não,
MAN00063,CGO00063,Geral,Não,,Não,
MAN00064,CGO00064,Geral,Não,,Não,
MAN00065,CGO00065,Geral,Não,,Não,
MAN00066,CGO00066,,Sim,Divergência de volumes,Sim,Informação ausente ou divergente no manifesto
MAN00067,CGO00067,Geral,Não,,Não,
MAN00068,CGO00068,Refrigerada,Não,,Não,
MAN00069,CGO00069,DGR,Não,,Não,
MAN00070,CGO00070,Avariada,Não,,Não,
MAN00071,CGO00071,Pendente,Não,,Não,
MAN00072,CGO00072,Geral,Não,,Não,
MAN00073,CGO00073,Geral,Não,,Não,
MAN00074,CGO00074,Perecível,Não,,Não,
MAN00075,CGO00075,DGR,Não,,Não,
MAN00076,CGO00076,Avariada,Não,,Não,
MAN00077,CGO00077,DGR,Sim,Divergência de peso,Não,Informação ausente ou divergente no manifesto
MAN00078,CGO00078,Geral,Não,,Não,
MAN00079,CGO00079,,Sim,Natureza da carga não informada,Sim,Informação ausente ou divergente no manifesto
MAN00080,CGO00080,Avariada,Sim,Divergência de peso,Não,Informação ausente ou divergente no manifesto
MAN00081,CGO00081,DGR,Não,,Não,
MAN00082,CGO00082,Valiosa,Não,,Não,
MAN00083,CGO00083,Avariada,Não,,Não,
MAN00084,CGO00084,DGR,Não,,Não,
MAN00085,CGO00085,Geral,Não,,Não,
MAN00086,CGO00086,Refrigerada,Sim,Divergência de peso,Não,Informação ausente ou divergente no manifesto
MAN00087,CGO00087,Geral,Não,,Não,
MAN00088,CGO00088,Perecível,Não,,Não,
MAN00089,CGO00089,Refrigerada,Sim,Divergência de peso,Não,Informação ausente ou divergente no manifesto
MAN00090,CGO00090,DGR,Não,,Não,
MAN00091,CGO00091,Geral,Não,,Não,
MAN00092,CGO00092,Avariada,Não,,Não,
MAN00093,CGO00093,Geral,Sim,Divergência de volumes,Não,Informação ausente ou divergente no manifesto
MAN00094,CGO00094,Pendente,Não,,Não,
MAN00095,CGO00095,,Sim,Natureza da carga não informada,Sim,Informação ausente ou divergente no manifesto
MAN00096,CGO00096,Geral,Não,,Não,
MAN00097,CGO00097,Geral,Não,,Não,
MAN00098,CGO00098,Geral,Sim,Divergência de volumes,Não,Informação ausente ou divergente no manifesto
MAN00099,CGO00099,Pendente,Não,,Não,
MAN00100,CGO00100,Avariada,Sim,Descrição incompleta,Não,Informação ausente ou divergente no manifesto
MAN00101,CGO00101,Refrigerada,Não,,Não,
MAN00102,CGO00102,Pendente,Não,,Não,
MAN00103,CGO00103,Perecível,Não,,Não,
MAN00104,CGO00104,Avariada,Não,,Não,
MAN00105,CGO00105,Geral,Não,,Não,
MAN00106,CGO00106,Geral,Não,,Não,
MAN00107,CGO00107,,Sim,Descrição incompleta,Sim,Informação ausente ou divergente no manifesto
MAN00108,CGO00108,Geral,Não,,Não,
MAN00109,CGO00109,Geral,Sim,AWB divergente,Não,Informação ausente ou divergente no manifesto
MAN00110,CGO00110,Pendente,Não,,Não,
MAN00111,CGO00111,Avariada,Não,,Não,
MAN00112,CGO00112,Geral,Não,,Não,
MAN00113,CGO00113,Geral,Sim,AWB divergente,Não,Informação ausente ou divergente no manifesto
MAN00114,CGO00114,Valiosa,Não,,Não,
MAN00115,CGO00115,Perecível,Não,,Não,
MAN00116,CGO00116,Geral,Não,,Não,
MAN00117,CGO00117,Valiosa,Não,,Não,
MAN00118,CGO00118,Pendente,Não,,Não,
MAN00119,CGO00119,DGR,Não,,Não,
MAN00120,CGO00120,Avariada,Não,,Não,
MAN00121,CGO00121,Perecível,Não,,Não,
MAN00122,CGO00122,Geral,Sim,AWB divergente,Não,Informação ausente ou divergente no manifesto
MAN00123,CGO00123,Avariada,Não,,Não,
MAN00124,CGO00124,Geral,Não,,Não,
MAN00125,CGO00125,Geral,Não,,Não,
MAN00126,CGO00126,Refrigerada,Sim,Descrição incompleta,Não,Informação ausente ou divergente no manifesto
MAN00127,CGO00127,Refrigerada,Sim,Divergência de volumes,Não,Informação ausente ou divergente no manifesto
MAN00128,CGO00128,Pendente,Não,,Não,
MAN00129,CGO00129,Geral,Não,,Não,
MAN00130,CGO00130,Refrigerada,Não,,Não,
MAN00131,CGO00131,Perecível,Não,,Não,
MAN00132,CGO00132,Geral,Sim,Erro de digitação,Não,Informação ausente ou divergente no manifesto
MAN00133,CGO00133,Geral,Não,,Não,
MAN00134,CGO00134,Geral,Não,,Não,
MAN00135,CGO00135,Avariada,Não,,Não,
MAN00136,CGO00136,Refrigerada,Não,,Não,
MAN00137,CGO00137,DGR,Não,,Não,
MAN00138,CGO00138,Refrigerada,Não,,Não,
MAN00139,CGO00139,Geral,Sim,Erro de digitação,Não,Informação ausente ou divergente no manifesto
MAN00140,CGO00140,Perecível,Não,,Não,
MAN00141,CGO00141,Avariada,Não,,Não,
MAN00142,CGO00142,DGR,Não,,Não,
MAN00143,CGO00143,Pendente,Não,,Não,
MAN00144,CGO00144,Valiosa,Não,,Não,
MAN00145,CGO00145,Refrigerada,Não,,Não,
MAN00146,CGO00146,Geral,Não,,Não,
MAN00147,CGO00147,Geral,Não,,Não,
MAN00148,CGO00148,Geral,Não,,Não,
MAN00149,CGO00149,Refrigerada,Não,,Não,
MAN00150,CGO00150,Geral,Sim,AWB divergente,Não,Informação ausente ou divergente no manifesto
MAN00151,CGO00151,Geral,Não,,Não,
MAN00152,CGO00152,Perecível,Não,,Não,
MAN00153,CGO00153,Geral,Não,,Não,
MAN00154,CGO00154,,Sim,Divergência de volumes,Sim,Informação ausente ou divergente no manifesto
MAN00155,CGO00155,Geral,Não,,Não,
MAN00156,CGO00156,Refrigerada,Não,,Não,
MAN00157,CGO00157,Pendente,Não,,Não,
MAN00158,CGO00158,Pendente,Não,,Não,
MAN00159,CGO00159,Geral,Sim,Divergência de volumes,Não,Informação ausente ou divergente no manifesto
MAN00160,CGO00160,Geral,Não,,Não,
MAN00161,CGO00161,Pendente,Não,,Não,
MAN00162,CGO00162,Valiosa,Sim,Erro de digitação,Não,Informação ausente ou divergente no manifesto
MAN00163,CGO00163,Pendente,Não,,Não,
MAN00164,CGO00164,Geral,Não,,Não,
MAN00165,CGO00165,Geral,Não,,Não,
MAN00166,CGO00166,Geral,Sim,Divergência de volumes,Não,Informação ausente ou divergente no manifesto
MAN00167,CGO00167,Refrigerada,Não,,Não,
MAN00168,CGO00168,Geral,Não,,Não,
MAN00169,CGO00169,Perecível,Não,,Não,
MAN00170,CGO00170,Avariada,Sim,Descrição incompleta,Não,Informação ausente ou divergente no manifesto
MAN00171,CGO00171,Geral,Não,,Não,
MAN00172,CGO00172,Geral,Não,,Não,
MAN00173,CGO00173,,Sim,Natureza da carga não informada,Sim,Informação ausente ou divergente no manifesto
MAN00174,CGO00174,Geral,Não,,Não,
MAN00175,CGO00175,Geral,Não,,Não,
MAN00176,CGO00176,Geral,Não,,Não,
MAN00177,CGO00177,Pendente,Não,,Não,
MAN00178,CGO00178,Avariada,Sim,Erro de digitação,Não,Informação ausente ou divergente no manifesto
MAN00179,CGO00179,Pendente,Não,,Não,
MAN00180,CGO00180,Geral,Não,,Não,
MAN00181,CGO00181,Valiosa,Não,,Não,
MAN00182,CGO00182,Pendente,Não,,Não,
MAN00183,CGO00183,Geral,Não,,Não,
MAN00184,CGO00184,,Sim,Natureza da carga não informada,Sim,Informação ausente ou divergente no manifesto
MAN00185,CGO00185,Geral,Não,,Não,
MAN00186,CGO00186,Geral,Não,,Não,
MAN00187,CGO00187,Geral,Não,,Não,
MAN00188,CGO00188,Refrigerada,Não,,Não,
MAN00189,CGO00189,Geral,Não,,Não,
MAN00190,CGO00190,Avariada,Sim,Divergência de volumes,Não,Informação ausente ou divergente no manifesto
MAN00191,CGO00191,Perecível,Sim,Erro de digitação,Não,Informação ausente ou divergente no manifesto
MAN00192,CGO00192,Geral,Não,,Não,
MAN00193,CGO00193,Valiosa,Não,,Não,
MAN00194,CGO00194,Avariada,Sim,Divergência de volumes,Não,Informação ausente ou divergente no manifesto
MAN00195,CGO00195,DGR,Não,,Não,
MAN00196,CGO00196,Perecível,Não,,Não,
MAN00197,CGO00197,Perecível,Não,,Não,
MAN00198,CGO00198,DGR,Não,,Não,
MAN00199,CGO00199,Geral,Não,,Não,
MAN00200,CGO00200,,Sim,Natureza da carga não informada,Sim,Informação ausente ou divergente no manifesto
MAN00201,CGO00201,Geral,Não,,Não,
MAN00202,CGO00202,Geral,Não,,Não,
MAN00203,CGO00203,Refrigerada,Não,,Não,
MAN00204,CGO00204,DGR,Não,,Não,
MAN00205,CGO00205,Refrigerada,Não,,Não,
MAN00206,CGO00206,Geral,Sim,Descrição incompleta,Não,Informação ausente ou divergente no manifesto
MAN00207,CGO00207,Perecível,Não,,Não,
MAN00208,CGO00208,Refrigerada,Não,,Não,
MAN00209,CGO00209,Geral,Não,,Não,
MAN00210,CGO00210,Pendente,Sim,Divergência de volumes,Não,Informação ausente ou divergente no manifesto
MAN00211,CGO00211,Geral,Não,,Não,
MAN00212,CGO00212,Avariada,Não,,Não,
MAN00213,CGO00213,Geral,Não,,Não,
MAN00214,CGO00214,Geral,Não,,Não,
MAN00215,CGO00215,Refrigerada,Não,,Não,
MAN00216,CGO00216,Geral,Não,,Não,
MAN00217,CGO00217,Refrigerada,Não,,Não,
MAN00218,CGO00218,Perecível,Sim,Erro de digitação,Não,Informação ausente ou divergente no manifesto
MAN00219,CGO00219,Pendente,Não,,Não,
MAN00220,CGO00220,Perecível,Não,,Não,
MAN00221,CGO00221,,Sim,Natureza da carga não informada,Sim,Informação ausente ou divergente no manifesto
MAN00222,CGO00222,DGR,Não,,Não,
MAN00223,CGO00223,Perecível,Não,,Não,
MAN00224,CGO00224,Geral,Não,,Não,
MAN00225,CGO00225,Refrigerada,Não,,Não,
MAN00226,CGO00226,Geral,Não,,Não,
MAN00227,CGO00227,Geral,Não,,Não,
MAN00228,CGO00228,Geral,Sim,Erro de digitação,Não,Informação ausente ou divergente no manifesto
MAN00229,CGO00229,Refrigerada,Não,,Não,
MAN00230,CGO00230,Geral,Não,,Não,
MAN00231,CGO00231,Geral,Não,,Não,
MAN00232,CGO00232,Refrigerada,Sim,Descrição incompleta,Não,Informação ausente ou divergente no manifesto
MAN00233,CGO00233,Geral,Não,,Não,
MAN00234,CGO00234,Pendente,Não,,Não,
MAN00235,CGO00235,Pendente,Não,,Não,
MAN00236,CGO00236,Geral,Não,,Não,
MAN00237,CGO00237,Refrigerada,Não,,Não,
MAN00238,CGO00238,Geral,Não,,Não,
MAN00239,CGO00239,Geral,Não,,Não,
MAN00240,CGO00240,Perecível,Não,,Não,
MAN00241,CGO00241,Perecível,Não,,Não,
MAN00242,CGO00242,Refrigerada,Sim,Divergência de volumes,Não,Informação ausente ou divergente no manifesto
MAN00243,CGO00243,Refrigerada,Sim,Erro de digitação,Não,Informação ausente ou divergente no manifesto
MAN00244,CGO00244,DGR,Sim,Erro de digitação,Não,Informação ausente ou divergente no manifesto
MAN00245,CGO00245,Geral,Não,,Não,
MAN00246,CGO00246,Geral,Não,,Não,
MAN00247,CGO00247,Perecível,Não,,Não,
MAN00248,CGO00248,Perecível,Sim,Divergência de peso,Não,Informação ausente ou divergente no manifesto
MAN00249,CGO00249,Geral,Não,,Não,
MAN00250,CGO00250,Perecível,Não,,Não,
MAN00251,CGO00251,Perecível,Não,,Não,
MAN00252,CGO00252,DGR,Não,,Não,
MAN00253,CGO00253,,Sim,Natureza da carga não informada,Sim,Informação ausente ou divergente no manifesto
MAN00254,CGO00254,Geral,Não,,Não,
MAN00255,CGO00255,Geral,Não,,Não,
MAN00256,CGO00256,Valiosa,Sim,Descrição incompleta,Não,Informação ausente ou divergente no manifesto
MAN00257,CGO00257,Geral,Não,,Não,
MAN00258,CGO00258,Avariada,Não,,Não,
MAN00259,CGO00259,Valiosa,Não,,Não,
MAN00260,CGO00260,Geral,Não,,Não,
MAN00261,CGO00261,Valiosa,Não,,Não,
MAN00262,CGO00262,Geral,Não,,Não,
MAN00263,CGO00263,,Sim,Natureza da carga não informada,Sim,Informação ausente ou divergente no manifesto
MAN00264,CGO00264,Geral,Não,,Não,
MAN00265,CGO00265,Perecível,Não,,Não,
MAN00266,CGO00266,Geral,Não,,Não,
MAN00267,CGO00267,Perecível,Não,,Não,
MAN00268,CGO00268,Avariada,Não,,Não,
MAN00269,CGO00269,Perecível,Sim,Divergência de volumes,Não,Informação ausente ou divergente no manifesto
MAN00270,CGO00270,Geral,Não,,Não,
MAN00271,CGO00271,Geral,Não,,Não,
MAN00272,CGO00272,Avariada,Não,,Não,
MAN00273,CGO00273,,Sim,Divergência de peso,Sim,Informação ausente ou divergente no manifesto
MAN00274,CGO00274,Pendente,Não,,Não,
MAN00275,CGO00275,Geral,Não,,Não,
MAN00276,CGO00276,Perecível,Sim,AWB divergente,Não,Informação ausente ou divergente no manifesto
MAN00277,CGO00277,Perecível,Não,,Não,
MAN00278,CGO00278,Valiosa,Não,,Não,
MAN00279,CGO00279,DGR,Não,,Não,
MAN00280,CGO00280,Perecível,Não,,Não,
MAN00281,CGO00281,Geral,Não,,Não,
MAN00282,CGO00282,Geral,Não,,Não,
MAN00283,CGO00283,Avariada,Sim,Divergência de peso,Não,Informação ausente ou divergente no manifesto
MAN00284,CGO00284,Geral,Não,,Não,
MAN00285,CGO00285,Refrigerada,Não,,Não,
MAN00286,CGO00286,Geral,Não,,Não,
MAN00287,CGO00287,Valiosa,Não,,Não,
MAN00288,CGO00288,Perecível,Não,,Não,
MAN00289,CGO00289,Geral,Não,,Não,
MAN00290,CGO00290,Avariada,Não,,Não,
MAN00291,CGO00291,Geral,Não,,Não,
MAN00292,CGO00292,Geral,Sim,AWB divergente,Não,Informação ausente ou divergente no manifesto
MAN00293,CGO00293,Geral,Não,,Não,
MAN00294,CGO00294,Pendente,Não,,Não,
MAN00295,CGO00295,Perecível,Não,,Não,
MAN00296,CGO00296,Avariada,Não,,Não,
MAN00297,CGO00297,Perecível,Não,,Não,
MAN00298,CGO00298,Pendente,Não,,Não,
MAN00299,CGO00299,Perecível,Sim,Descrição incompleta,Não,Informação ausente ou divergente no manifesto
MAN00300,CGO00300,Geral,Sim,Erro de digitação,Não,Informação ausente ou divergente no manifesto
MAN00301,CGO00301,Refrigerada,Não,,Não,
MAN00302,CGO00302,Refrigerada,Não,,Não,
MAN00303,CGO00303,Refrigerada,Não,,Não,
MAN00304,CGO00304,Pendente,Não,,Não,
MAN00305,CGO00305,Valiosa,Não,,Não,
MAN00306,CGO00306,,Sim,Natureza da carga não informada,Sim,Informação ausente ou divergente no manifesto
MAN00307,CGO00307,Perecível,Não,,Não,
MAN00308,CGO00308,Geral,Sim,Descrição incompleta,Não,Informação ausente ou divergente no manifesto
MAN00309,CGO00309,Geral,Não,,Não,
MAN00310,CGO00310,Geral,Não,,Não,
MAN00311,CGO00311,Geral,Não,,Não,
MAN00312,CGO00312,Perecível,Não,,Não,
MAN00313,CGO00313,Refrigerada,Não,,Não,
MAN00314,CGO00314,DGR,Não,,Não,
MAN00315,CGO00315,Geral,Sim,Erro de digitação,Não,Informação ausente ou divergente no manifesto
MAN00316,CGO00316,Pendente,Não,,Não,
MAN00317,CGO00317,Avariada,Não,,Não,
MAN00318,CGO00318,Geral,Não,,Não,
MAN00319,CGO00319,DGR,Não,,Não,
MAN00320,CGO00320,Pendente,Não,,Não,
MAN00321,CGO00321,Avariada,Sim,Descrição incompleta,Não,Informação ausente ou divergente no manifesto
MAN00322,CGO00322,Pendente,Não,,Não,
MAN00323,CGO00323,,Sim,AWB divergente,Sim,Informação ausente ou divergente no manifesto
MAN00324,CGO00324,Perecível,Não,,Não,
MAN00325,CGO00325,Geral,Sim,Descrição incompleta,Não,Informação ausente ou divergente no manifesto
MAN00326,CGO00326,Perecível,Não,,Não,
MAN00327,CGO00327,,Sim,Divergência de volumes,Sim,Informação ausente ou divergente no manifesto
MAN00328,CGO00328,Perecível,Não,,Não,
MAN00329,CGO00329,Avariada,Não,,Não,
MAN00330,CGO00330,Geral,Não,,Não,
MAN00331,CGO00331,Avariada,Não,,Não,
MAN00332,CGO00332,Pendente,Não,,Não,
MAN00333,CGO00333,Pendente,Sim,Divergência de volumes,Não,Informação ausente ou divergente no manifesto
MAN00334,CGO00334,Refrigerada,Não,,Não,
MAN00335,CGO00335,Geral,Não,,Não,
MAN00336,CGO00336,Avariada,Não,,Não,
MAN00337,CGO00337,Refrigerada,Não,,Não,
MAN00338,CGO00338,,Sim,Natureza da carga não informada,Sim,Informação ausente ou divergente no manifesto
MAN00339,CGO00339,Perecível,Não,,Não,
MAN00340,CGO00340,Avariada,Não,,Não,
MAN00341,CGO00341,Geral,Não,,Não,
MAN00342,CGO00342,Refrigerada,Não,,Não,
MAN00343,CGO00343,DGR,Sim,Divergência de peso,Não,Informação ausente ou divergente no manifesto
MAN00344,CGO00344,DGR,Não,,Não,
MAN00345,CGO00345,Refrigerada,Sim,AWB divergente,Não,Informação ausente ou divergente no manifesto
MAN00346,CGO00346,Geral,Não,,Não,
MAN00347,CGO00347,Perecível,Não,,Não,
MAN00348,CGO00348,Geral,Não,,Não,
MAN00349,CGO00349,Refrigerada,Não,,Não,
MAN00350,CGO00350,Geral,Sim,Divergência de volumes,Não,Informação ausente ou divergente no manifesto
MAN00351,CGO00351,Refrigerada,Não,,Não,
MAN00352,CGO00352,Avariada,Não,,Não,
MAN00353,CGO00353,Geral,Não,,Não,
MAN00354,CGO00354,Pendente,Não,,Não,
MAN00355,CGO00355,Geral,Não,,Não,
MAN00356,CGO00356,DGR,Sim,Descrição incompleta,Não,Informação ausente ou divergente no manifesto
MAN00357,CGO00357,Pendente,Não,,Não,
MAN00358,CGO00358,Geral,Não,,Não,
MAN00359,CGO00359,Geral,Não,,Não,
MAN00360,CGO00360,Pendente,Não,,Não,
MAN00361,CGO00361,Avariada,Não,,Não,
MAN00362,CGO00362,,Sim,Natureza da carga não informada,Sim,Informação ausente ou divergente no manifesto
MAN00363,CGO00363,Geral,Não,,Não,
MAN00364,CGO00364,Pendente,Não,,Não,
MAN00365,CGO00365,Geral,Não,,Não,
MAN00366,CGO00366,Geral,Não,,Não,
MAN00367,CGO00367,Geral,Não,,Não,
MAN00368,CGO00368,Perecível,Não,,Não,
MAN00369,CGO00369,Perecível,Sim,Erro de digitação,Não,Informação ausente ou divergente no manifesto
MAN00370,CGO00370,Perecível,Não,,Não,
MAN00371,CGO00371,Pendente,Não,,Não,
MAN00372,CGO00372,Geral,Não,,Não,
MAN00373,CGO00373,Refrigerada,Não,,Não,
MAN00374,CGO00374,Geral,Não,,Não,
MAN00375,CGO00375,Geral,Não,,Não,
MAN00376,CGO00376,Geral,Não,,Não,
MAN00377,CGO00377,Geral,Não,,Não,
MAN00378,CGO00378,Geral,Não,,Não,
MAN00379,CGO00379,Pendente,Sim,AWB divergente,Não,Informação ausente ou divergente no manifesto
MAN00380,CGO00380,,Sim,Natureza da carga não informada,Sim,Informação ausente ou divergente no manifesto
MAN00381,CGO00381,,Sim,Erro de digitação,Sim,Informação ausente ou divergente no manifesto
MAN00382,CGO00382,Geral,Não,,Não,
MAN00383,CGO00383,Geral,Não,,Não,
MAN00384,CGO00384,Geral,Não,,Não,
MAN00385,CGO00385,Geral,Não,,Não,
MAN00386,CGO00386,Geral,Não,,Não,
MAN00387,CGO00387,Geral,Não,,Não,
MAN00388,CGO00388,Pendente,Não,,Não,
MAN00389,CGO00389,,Sim,Natureza da carga não informada,Sim,Informação ausente ou divergente no manifesto
MAN00390,CGO00390,Geral,Não,,Não,
MAN00391,CGO00391,Avariada,Não,,Não,
MAN00392,CGO00392,Geral,Não,,Não,
MAN00393,CGO00393,Geral,Sim,AWB divergente,Não,Informação ausente ou divergente no manifesto
MAN00394,CGO00394,Geral,Sim,Descrição incompleta,Não,Informação ausente ou divergente no manifesto
MAN00395,CGO00395,Pendente,Não,,Não,
MAN00396,CGO00396,Geral,Não,,Não,
MAN00397,CGO00397,Avariada,Não,,Não,
MAN00398,CGO00398,Refrigerada,Não,,Não,
MAN00399,CGO00399,Pendente,Não,,Não,
MAN00400,CGO00400,Avariada,Não,,Não,
MAN00401,CGO00401,Geral,Não,,Não,
MAN00402,CGO00402,Refrigerada,Sim,Divergência de peso,Não,Informação ausente ou divergente no manifesto
MAN00403,CGO00403,,Sim,Natureza da carga não informada,Sim,Informação ausente ou divergente no manifesto
MAN00404,CGO00404,Geral,Não,,Não,
MAN00405,CGO00405,Geral,Não,,Não,
MAN00406,CGO00406,Geral,Não,,Não,
MAN00407,CGO00407,Geral,Não,,Não,
MAN00408,CGO00408,Pendente,Não,,Não,
MAN00409,CGO00409,Perecível,Não,,Não,
MAN00410,CGO00410,Valiosa,Não,,Não,
MAN00411,CGO00411,,Sim,AWB divergente,Sim,Informação ausente ou divergente no manifesto
MAN00412,CGO00412,Geral,Não,,Não,
MAN00413,CGO00413,Geral,Não,,Não,
MAN00414,CGO00414,Geral,Não,,Não,
MAN00415,CGO00415,,Sim,Erro de digitação,Sim,Informação ausente ou divergente no manifesto
MAN00416,CGO00416,Pendente,Não,,Não,
MAN00417,CGO00417,Geral,Não,,Não,
MAN00418,CGO00418,Geral,Sim,Erro de digitação,Não,Informação ausente ou divergente no manifesto
MAN00419,CGO00419,Pendente,Não,,Não,
MAN00420,CGO00420,Geral,Sim,AWB divergente,Não,Informação ausente ou divergente no manifesto
MAN00421,CGO00421,DGR,Sim,Divergência de volumes,Não,Informação ausente ou divergente no manifesto
MAN00422,CGO00422,Geral,Não,,Não,
MAN00423,CGO00423,Geral,Sim,AWB divergente,Não,Informação ausente ou divergente no manifesto
MAN00424,CGO00424,DGR,Sim,Descrição incompleta,Não,Informação ausente ou divergente no manifesto
MAN00425,CGO00425,Geral,Não,,Não,
MAN00426,CGO00426,Geral,Não,,Não,
MAN00427,CGO00427,,Sim,Descrição incompleta,Sim,Informação ausente ou divergente no manifesto
MAN00428,CGO00428,Geral,Não,,Não,
MAN00429,CGO00429,Refrigerada,Não,,Não,
MAN00430,CGO00430,Refrigerada,Não,,Não,
MAN00431,CGO00431,Refrigerada,Sim,Erro de digitação,Não,Informação ausente ou divergente no manifesto
MAN00432,CGO00432,Geral,Não,,Não,
MAN00433,CGO00433,Geral,Não,,Não,
MAN00434,CGO00434,DGR,Não,,Não,
MAN00435,CGO00435,Geral,Não,,Não,
MAN00436,CGO00436,Pendente,Não,,Não,
MAN00437,CGO00437,Geral,Não,,Não,
MAN00438,CGO00438,Pendente,Não,,Não,
MAN00439,CGO00439,,Sim,Divergência de volumes,Sim,Informação ausente ou divergente no manifesto
MAN00440,CGO00440,Geral,Não,,Não,
MAN00441,CGO00441,Refrigerada,Não,,Não,
MAN00442,CGO00442,Pendente,Não,,Não,
MAN00443,CGO00443,Geral,Não,,Não,
MAN00444,CGO00444,Geral,Não,,Não,
MAN00445,CGO00445,Geral,Não,,Não,
MAN00446,CGO00446,Valiosa,Sim,Divergência de peso,Não,Informação ausente ou divergente no manifesto
MAN00447,CGO00447,Refrigerada,Não,,Não,
MAN00448,CGO00448,Geral,Não,,Não,
MAN00449,CGO00449,Valiosa,Não,,Não,
MAN00450,CGO00450,Geral,Não,,Não,
MAN00451,CGO00451,Refrigerada,Não,,Não,
MAN00452,CGO00452,Refrigerada,Não,,Não,
MAN00453,CGO00453,Geral,Não,,Não,
MAN00454,CGO00454,Geral,Não,,Não,
MAN00455,CGO00455,Refrigerada,Não,,Não,
MAN00456,CGO00456,Geral,Não,,Não,
MAN00457,CGO00457,Avariada,Não,,Não,
MAN00458,CGO00458,DGR,Não,,Não,
MAN00459,CGO00459,,Sim,Natureza da carga não informada,Sim,Informação ausente ou divergente no manifesto
MAN00460,CGO00460,,Sim,Natureza da carga não informada,Sim,Informação ausente ou divergente no manifesto
MAN00461,CGO00461,DGR,Não,,Não,
MAN00462,CGO00462,Valiosa,Não,,Não,
MAN00463,CGO00463,DGR,Sim,AWB divergente,Não,Informação ausente ou divergente no manifesto
MAN00464,CGO00464,DGR,Não,,Não,
MAN00465,CGO00465,Pendente,Não,,Não,
MAN00466,CGO00466,Geral,Sim,Erro de digitação,Não,Informação ausente ou divergente no manifesto
MAN00467,CGO00467,Geral,Não,,Não,
MAN00468,CGO00468,Geral,Não,,Não,
MAN00469,CGO00469,Pendente,Não,,Não,
MAN00470,CGO00470,Geral,Não,,Não,
MAN00471,CGO00471,Geral,Não,,Não,
MAN00472,CGO00472,Geral,Sim,AWB divergente,Não,Informação ausente ou divergente no manifesto
MAN00473,CGO00473,DGR,Não,,Não,
MAN00474,CGO00474,Avariada,Não,,Não,
MAN00475,CGO00475,Pendente,Não,,Não,
MAN00476,CGO00476,Geral,Não,,Não,
MAN00477,CGO00477,Geral,Não,,Não,
MAN00478,CGO00478,Pendente,Não,,Não,
MAN00479,CGO00479,Geral,Não,,Não,
MAN00480,CGO00480,Geral,Sim,AWB divergente,Não,Informação ausente ou divergente no manifesto
MAN00481,CGO00481,Geral,Não,,Não,
MAN00482,CGO00482,Geral,Não,,Não,
MAN00483,CGO00483,DGR,Não,,Não,
MAN00484,CGO00484,Geral,Não,,Não,
MAN00485,CGO00485,Perecível,Não,,Não,
MAN00486,CGO00486,Perecível,Não,,Não,
MAN00487,CGO00487,Refrigerada,Não,,Não,
MAN00488,CGO00488,Refrigerada,Não,,Não,
MAN00489,CGO00489,Geral,Não,,Não,
MAN00490,CGO00490,DGR,Não,,Não,
MAN00491,CGO00491,Geral,Não,,Não,
MAN00492,CGO00492,,Sim,Divergência de peso,Sim,Informação ausente ou divergente no manifesto
MAN00493,CGO00493,Perecível,Não,,Não,
MAN00494,CGO00494,Geral,Não,,Não,
MAN00495,CGO00495,Geral,Não,,Não,
MAN00496,CGO00496,Avariada,Não,,Não,
MAN00497,CGO00497,Perecível,Não,,Não,
MAN00498,CGO00498,Refrigerada,Não,,Não,
MAN00499,CGO00499,Refrigerada,Não,,Não,
MAN00500,CGO00500,Geral,Não,,Não,
MAN00501,CGO00501,,Sim,AWB divergente,Sim,Informação ausente ou divergente no manifesto
MAN00502,CGO00502,Perecível,Não,,Não,
MAN00503,CGO00503,Avariada,Não,,Não,
MAN00504,CGO00504,Geral,Não,,Não,
MAN00505,CGO00505,Geral,Sim,Descrição incompleta,Não,Informação ausente ou divergente no manifesto
MAN00506,CGO00506,Geral,Não,,Não,
MAN00507,CGO00507,,Sim,Descrição incompleta,Sim,Informação ausente ou divergente no manifesto
MAN00508,CGO00508,Geral,Não,,Não,
MAN00509,CGO00509,Geral,Não,,Não,
MAN00510,CGO00510,Pendente,Não,,Não,
MAN00511,CGO00511,Geral,Não,,Não,
MAN00512,CGO00512,Geral,Sim,AWB divergente,Não,Informação ausente ou divergente no manifesto
MAN00513,CGO00513,Perecível,Não,,Não,
MAN00514,CGO00514,Valiosa,Não,,Não,
MAN00515,CGO00515,DGR,Não,,Não,
MAN00516,CGO00516,Perecível,Não,,Não,
MAN00517,CGO00517,Pendente,Sim,AWB divergente,Não,Informação ausente ou divergente no manifesto
MAN00518,CGO00518,DGR,Não,,Não,
MAN00519,CGO00519,Geral,Não,,Não,
MAN00520,CGO00520,Geral,Não,,Não,
MAN00521,CGO00521,Avariada,Não,,Não,
MAN00522,CGO00522,Geral,Não,,Não,
MAN00523,CGO00523,Geral,Não,,Não,
MAN00524,CGO00524,DGR,Não,,Não,
MAN00525,CGO00525,Geral,Não,,Não,
MAN00526,CGO00526,,Sim,Divergência de volumes,Sim,Informação ausente ou divergente no manifesto
MAN00527,CGO00527,Pendente,Sim,Divergência de volumes,Não,Informação ausente ou divergente no manifesto
MAN00528,CGO00528,DGR,Não,,Não,
MAN00529,CGO00529,Avariada,Não,,Não,
MAN00530,CGO00530,Geral,Não,,Não,
MAN00531,CGO00531,Valiosa,Não,,Não,
MAN00532,CGO00532,Geral,Não,,Não,
MAN00533,CGO00533,Geral,Não,,Não,
MAN00534,CGO00534,Geral,Não,,Não,
MAN00535,CGO00535,Geral,Não,,Não,
MAN00536,CGO00536,Geral,Não,,Não,
MAN00537,CGO00537,Refrigerada,Não,,Não,
MAN00538,CGO00538,DGR,Não,,Não,
MAN00539,CGO00539,Pendente,Não,,Não,
MAN00540,CGO00540,Geral,Não,,Não,
MAN00541,CGO00541,DGR,Não,,Não,
MAN00542,CGO00542,Geral,Não,,Não,
MAN00543,CGO00543,Valiosa,Não,,Não,
MAN00544,CGO00544,Perecível,Não,,Não,
MAN00545,CGO00545,Pendente,Não,,Não,
MAN00546,CGO00546,Geral,Não,,Não,
MAN00547,CGO00547,Avariada,Não,,Não,
MAN00548,CGO00548,DGR,Não,,Não,
MAN00549,CGO00549,DGR,Não,,Não,
MAN00550,CGO00550,Geral,Não,,Não,
MAN00551,CGO00551,Geral,Não,,Não,
MAN00552,CGO00552,Geral,Não,,Não,
MAN00553,CGO00553,Valiosa,Não,,Não,
MAN00554,CGO00554,Pendente,Sim,Erro de digitação,Não,Informação ausente ou divergente no manifesto
MAN00555,CGO00555,Refrigerada,Não,,Não,
MAN00556,CGO00556,Geral,Sim,AWB divergente,Não,Informação ausente ou divergente no manifesto
MAN00557,CGO00557,Avariada,Não,,Não,
MAN00558,CGO00558,Avariada,Não,,Não,
MAN00559,CGO00559,Geral,Não,,Não,
MAN00560,CGO00560,Geral,Sim,Descrição incompleta,Não,Informação ausente ou divergente no manifesto
MAN00561,CGO00561,,Sim,Natureza da carga não informada,Sim,Informação ausente ou divergente no manifesto
MAN00562,CGO00562,Pendente,Não,,Não,
MAN00563,CGO00563,Refrigerada,Não,,Não,
MAN00564,CGO00564,DGR,Não,,Não,
MAN00565,CGO00565,DGR,Não,,Não,
MAN00566,CGO00566,Pendente,Não,,Não,
MAN00567,CGO00567,Geral,Não,,Não,
MAN00568,CGO00568,DGR,Não,,Não,
MAN00569,CGO00569,Refrigerada,Não,,Não,
MAN00570,CGO00570,Geral,Não,,Não,
MAN00571,CGO00571,Refrigerada,Não,,Não,
MAN00572,CGO00572,Valiosa,Não,,Não,
MAN00573,CGO00573,Pendente,Não,,Não,
MAN00574,CGO00574,,Sim,Divergência de volumes,Sim,Informação ausente ou divergente no manifesto
MAN00575,CGO00575,Geral,Não,,Não,
MAN00576,CGO00576,Geral,Não,,Não,
MAN00577,CGO00577,Pendente,Não,,Não,
MAN00578,CGO00578,,Sim,Natureza da carga não informada,Sim,Informação ausente ou divergente no manifesto
MAN00579,CGO00579,Geral,Não,,Não,
MAN00580,CGO00580,,Sim,Natureza da carga não informada,Sim,Informação ausente ou divergente no manifesto
MAN00581,CGO00581,Geral,Não,,Não,
MAN00582,CGO00582,Avariada,Não,,Não,
MAN00583,CGO00583,Geral,Não,,Não,
MAN00584,CGO00584,,Sim,AWB divergente,Sim,Informação ausente ou divergente no manifesto
MAN00585,CGO00585,Valiosa,Não,,Não,
MAN00586,CGO00586,Pendente,Não,,Não,
MAN00587,CGO00587,Avariada,Não,,Não,
MAN00588,CGO00588,Geral,Sim,AWB divergente,Não,Informação ausente ou divergente no manifesto
MAN00589,CGO00589,Perecível,Sim,Divergência de peso,Não,Informação ausente ou divergente no manifesto
MAN00590,CGO00590,Geral,Não,,Não,
MAN00591,CGO00591,Geral,Não,,Não,
MAN00592,CGO00592,Avariada,Não,,Não,
MAN00593,CGO00593,Avariada,Não,,Não,
MAN00594,CGO00594,Geral,Não,,Não,
MAN00595,CGO00595,Pendente,Não,,Não,
MAN00596,CGO00596,Geral,Não,,Não,
MAN00597,CGO00597,Geral,Sim,Divergência de peso,Não,Informação ausente ou divergente no manifesto
MAN00598,CGO00598,Geral,Não,,Não,
MAN00599,CGO00599,Perecível,Não,,Não,
MAN00600,CGO00600,Geral,Não,,Não,
MAN00601,CGO00601,Pendente,Não,,Não,
MAN00602,CGO00602,Geral,Não,,Não,
MAN00603,CGO00603,Geral,Não,,Não,
MAN00604,CGO00604,,Sim,Divergência de volumes,Sim,Informação ausente ou divergente no manifesto
MAN00605,CGO00605,Perecível,Não,,Não,
MAN00606,CGO00606,Perecível,Não,,Não,
MAN00607,CGO00607,Refrigerada,Não,,Não,
MAN00608,CGO00608,Avariada,Não,,Não,
MAN00609,CGO00609,Pendente,Sim,Divergência de peso,Não,Informação ausente ou divergente no manifesto
MAN00610,CGO00610,DGR,Não,,Não,
MAN00611,CGO00611,Perecível,Não,,Não,
MAN00612,CGO00612,Avariada,Não,,Não,
MAN00613,CGO00613,Geral,Não,,Não,
MAN00614,CGO00614,Geral,Não,,Não,
MAN00615,CGO00615,Geral,Não,,Não,
MAN00616,CGO00616,Perecível,Não,,Não,
MAN00617,CGO00617,Pendente,Não,,Não,
MAN00618,CGO00618,Geral,Não,,Não,
MAN00619,CGO00619,Geral,Não,,Não,
MAN00620,CGO00620,Geral,Não,,Não,
MAN00621,CGO00621,Geral,Não,,Não,
MAN00622,CGO00622,Geral,Sim,AWB divergente,Não,Informação ausente ou divergente no manifesto
MAN00623,CGO00623,Valiosa,Não,,Não,
MAN00624,CGO00624,Valiosa,Não,,Não,
MAN00625,CGO00625,Geral,Não,,Não,
MAN00626,CGO00626,Geral,Não,,Não,
MAN00627,CGO00627,Geral,Não,,Não,
MAN00628,CGO00628,Perecível,Não,,Não,
MAN00629,CGO00629,Geral,Não,,Não,
MAN00630,CGO00630,,Sim,Natureza da carga não informada,Sim,Informação ausente ou divergente no manifesto
MAN00631,CGO00631,Pendente,Não,,Não,
MAN00632,CGO00632,Perecível,Não,,Não,
MAN00633,CGO00633,Geral,Não,,Não,
MAN00634,CGO00634,Geral,Não,,Não,
MAN00635,CGO00635,Pendente,Não,,Não,
MAN00636,CGO00636,Geral,Não,,Não,
MAN00637,CGO00637,Perecível,Não,,Não,
MAN00638,CGO00638,,Sim,Descrição incompleta,Sim,Informação ausente ou divergente no manifesto
MAN00639,CGO00639,Pendente,Não,,Não,
MAN00640,CGO00640,Geral,Não,,Não,
MAN00641,CGO00641,,Sim,Natureza da carga não informada,Sim,Informação ausente ou divergente no manifesto
MAN00642,CGO00642,,Sim,Descrição incompleta,Sim,Informação ausente ou divergente no manifesto
MAN00643,CGO00643,Avariada,Não,,Não,
MAN00644,CGO00644,Perecível,Não,,Não,
MAN00645,CGO00645,DGR,Não,,Não,
MAN00646,CGO00646,Geral,Não,,Não,
MAN00647,CGO00647,Refrigerada,Sim,AWB divergente,Não,Informação ausente ou divergente no manifesto
MAN00648,CGO00648,Geral,Sim,Divergência de peso,Não,Informação ausente ou divergente no manifesto
MAN00649,CGO00649,DGR,Sim,AWB divergente,Não,Informação ausente ou divergente no manifesto
MAN00650,CGO00650,Pendente,Não,,Não,
MAN00651,CGO00651,Perecível,Não,,Não,
MAN00652,CGO00652,Refrigerada,Não,,Não,
MAN00653,CGO00653,Geral,Não,,Não,
MAN00654,CGO00654,Perecível,Não,,Não,
MAN00655,CGO00655,Refrigerada,Não,,Não,
MAN00656,CGO00656,Pendente,Sim,Divergência de volumes,Não,Informação ausente ou divergente no manifesto
MAN00657,CGO00657,Geral,Não,,Não,
MAN00658,CGO00658,,Sim,Natureza da carga não informada,Sim,Informação ausente ou divergente no manifesto
MAN00659,CGO00659,Geral,Sim,Divergência de volumes,Não,Informação ausente ou divergente no manifesto
MAN00660,CGO00660,DGR,Não,,Não,
MAN00661,CGO00661,DGR,Não,,Não,
MAN00662,CGO00662,Geral,Não,,Não,
MAN00663,CGO00663,Pendente,Não,,Não,
MAN00664,CGO00664,Pendente,Não,,Não,
MAN00665,CGO00665,Pendente,Não,,Não,
MAN00666,CGO00666,Geral,Não,,Não,
MAN00667,CGO00667,Avariada,Não,,Não,
MAN00668,CGO00668,Geral,Não,,Não,
MAN00669,CGO00669,Geral,Não,,Não,
MAN00670,CGO00670,DGR,Não,,Não,
MAN00671,CGO00671,Geral,Não,,Não,
MAN00672,CGO00672,Avariada,Não,,Não,
MAN00673,CGO00673,Refrigerada,Não,,Não,
MAN00674,CGO00674,Geral,Não,,Não,
MAN00675,CGO00675,Valiosa,Não,,Não,
MAN00676,CGO00676,Geral,Não,,Não,
MAN00677,CGO00677,Perecível,Não,,Não,
MAN00678,CGO00678,Avariada,Não,,Não,
MAN00679,CGO00679,DGR,Não,,Não,
MAN00680,CGO00680,Avariada,Sim,Descrição incompleta,Não,Informação ausente ou divergente no manifesto
MAN00681,CGO00681,Geral,Não,,Não,
MAN00682,CGO00682,Geral,Não,,Não,
MAN00683,CGO00683,Geral,Sim,Descrição incompleta,Não,Informação ausente ou divergente no manifesto
MAN00684,CGO00684,Pendente,Não,,Não,
MAN00685,CGO00685,Pendente,Não,,Não,
MAN00686,CGO00686,Geral,Não,,Não,
MAN00687,CGO00687,Geral,Não,,Não,
MAN00688,CGO00688,Geral,Não,,Não,
MAN00689,CGO00689,Refrigerada,Sim,Erro de digitação,Não,Informação ausente ou divergente no manifesto
MAN00690,CGO00690,Pendente,Sim,Divergência de peso,Não,Informação ausente ou divergente no manifesto
MAN00691,CGO00691,Valiosa,Não,,Não,
MAN00692,CGO00692,Avariada,Não,,Não,
MAN00693,CGO00693,Refrigerada,Não,,Não,
MAN00694,CGO00694,Geral,Não,,Não,
MAN00695,CGO00695,Perecível,Não,,Não,
MAN00696,CGO00696,DGR,Não,,Não,
MAN00697,CGO00697,Perecível,Não,,Não,
MAN00698,CGO00698,,Sim,AWB divergente,Sim,Informação ausente ou divergente no manifesto
MAN00699,CGO00699,Geral,Não,,Não,
MAN00700,CGO00700,Geral,Não,,Não,
MAN00701,CGO00701,Geral,Não,,Não,
MAN00702,CGO00702,,Sim,Natureza da carga não informada,Sim,Informação ausente ou divergente no manifesto
MAN00703,CGO00703,DGR,Não,,Não,
MAN00704,CGO00704,Perecível,Não,,Não,
MAN00705,CGO00705,Perecível,Não,,Não,
MAN00706,CGO00706,Refrigerada,Não,,Não,
MAN00707,CGO00707,Pendente,Não,,Não,
MAN00708,CGO00708,,Sim,Natureza da carga não informada,Sim,Informação ausente ou divergente no manifesto
MAN00709,CGO00709,Geral,Não,,Não,
MAN00710,CGO00710,Geral,Não,,Não,
MAN00711,CGO00711,Avariada,Sim,Divergência de volumes,Não,Informação ausente ou divergente no manifesto
MAN00712,CGO00712,,Sim,Natureza da carga não informada,Sim,Informação ausente ou divergente no manifesto
MAN00713,CGO00713,Geral,Não,,Não,
MAN00714,CGO00714,Pendente,Não,,Não,
MAN00715,CGO00715,Geral,Não,,Não,
MAN00716,CGO00716,Pendente,Não,,Não,
MAN00717,CGO00717,,Sim,Natureza da carga não informada,Sim,Informação ausente ou divergente no manifesto
MAN00718,CGO00718,Refrigerada,Não,,Não,
MAN00719,CGO00719,Valiosa,Sim,Divergência de volumes,Não,Informação ausente ou divergente no manifesto
MAN00720,CGO00720,Perecível,Sim,Divergência de peso,Não,Informação ausente ou divergente no manifesto
MAN00721,CGO00721,Pendente,Não,,Não,
MAN00722,CGO00722,Pendente,Não,,Não,
MAN00723,CGO00723,,Sim,Erro de digitação,Sim,Informação ausente ou divergente no manifesto
MAN00724,CGO00724,Geral,Sim,Erro de digitação,Não,Informação ausente ou divergente no manifesto
MAN00725,CGO00725,Perecível,Sim,Erro de digitação,Não,Informação ausente ou divergente no manifesto
MAN00726,CGO00726,Refrigerada,Não,,Não,
MAN00727,CGO00727,Refrigerada,Não,,Não,
MAN00728,CGO00728,Geral,Não,,Não,
MAN00729,CGO00729,Geral,Não,,Não,
MAN00730,CGO00730,DGR,Não,,Não,
MAN00731,CGO00731,DGR,Não,,Não,
MAN00732,CGO00732,Pendente,Sim,Divergência de peso,Não,Informação ausente ou divergente no manifesto
MAN00733,CGO00733,Avariada,Não,,Não,
MAN00734,CGO00734,Refrigerada,Sim,AWB divergente,Não,Informação ausente ou divergente no manifesto
MAN00735,CGO00735,Perecível,Não,,Não,
MAN00736,CGO00736,DGR,Não,,Não,
MAN00737,CGO00737,Pendente,Não,,Não,
MAN00738,CGO00738,Refrigerada,Não,,Não,
MAN00739,CGO00739,Avariada,Não,,Não,
MAN00740,CGO00740,Geral,Não,,Não,
MAN00741,CGO00741,Geral,Não,,Não,
MAN00742,CGO00742,Geral,Não,,Não,
MAN00743,CGO00743,Geral,Não,,Não,
MAN00744,CGO00744,Geral,Não,,Não,
MAN00745,CGO00745,Pendente,Não,,Não,
MAN00746,CGO00746,Geral,Não,,Não,
MAN00747,CGO00747,Refrigerada,Não,,Não,
MAN00748,CGO00748,Refrigerada,Não,,Não,
MAN00749,CGO00749,Pendente,Não,,Não,
MAN00750,CGO00750,Geral,Não,,Não,
MAN00751,CGO00751,Pendente,Não,,Não,
MAN00752,CGO00752,Geral,Não,,Não,
MAN00753,CGO00753,Geral,Sim,Divergência de volumes,Não,Informação ausente ou divergente no manifesto
MAN00754,CGO00754,Geral,Não,,Não,
MAN00755,CGO00755,Geral,Não,,Não,
MAN00756,CGO00756,,Sim,Natureza da carga não informada,Sim,Informação ausente ou divergente no manifesto
MAN00757,CGO00757,,Sim,Natureza da carga não informada,Sim,Informação ausente ou divergente no manifesto
MAN00758,CGO00758,Pendente,Não,,Não,
MAN00759,CGO00759,Geral,Não,,Não,
MAN00760,CGO00760,DGR,Não,,Não,
MAN00761,CGO00761,Geral,Não,,Não,
MAN00762,CGO00762,Perecível,Não,,Não,
MAN00763,CGO00763,,Sim,Natureza da carga não informada,Sim,Informação ausente ou divergente no manifesto
MAN00764,CGO00764,Geral,Não,,Não,
MAN00765,CGO00765,Refrigerada,Não,,Não,
MAN00766,CGO00766,Perecível,Não,,Não,
MAN00767,CGO00767,Geral,Não,,Não,
MAN00768,CGO00768,Perecível,Não,,Não,
MAN00769,CGO00769,Perecível,Não,,Não,
MAN00770,CGO00770,Geral,Não,,Não,
MAN00771,CGO00771,Valiosa,Não,,Não,
MAN00772,CGO00772,Geral,Sim,Divergência de peso,Não,Informação ausente ou divergente no manifesto
MAN00773,CGO00773,Refrigerada,Não,,Não,
MAN00774,CGO00774,Valiosa,Não,,Não,
MAN00775,CGO00775,Pendente,Sim,AWB divergente,Não,Informação ausente ou divergente no manifesto
MAN00776,CGO00776,Pendente,Não,,Não,
MAN00777,CGO00777,Refrigerada,Sim,Erro de digitação,Não,Informação ausente ou divergente no manifesto
MAN00778,CGO00778,Geral,Não,,Não,
MAN00779,CGO00779,Pendente,Não,,Não,
MAN00780,CGO00780,DGR,Não,,Não,
MAN00781,CGO00781,Geral,Não,,Não,
MAN00782,CGO00782,Pendente,Não,,Não,
MAN00783,CGO00783,Geral,Não,,Não,
MAN00784,CGO00784,Geral,Sim,AWB divergente,Não,Informação ausente ou divergente no manifesto
MAN00785,CGO00785,Geral,Sim,AWB divergente,Não,Informação ausente ou divergente no manifesto
MAN00786,CGO00786,Pendente,Sim,Descrição incompleta,Não,Informação ausente ou divergente no manifesto
MAN00787,CGO00787,Geral,Não,,Não,
MAN00788,CGO00788,Geral,Não,,Não,
MAN00789,CGO00789,Geral,Não,,Não,
MAN00790,CGO00790,Pendente,Não,,Não,
MAN00791,CGO00791,Geral,Sim,Erro de digitação,Não,Informação ausente ou divergente no manifesto
MAN00792,CGO00792,Perecível,Não,,Não,
MAN00793,CGO00793,Perecível,Não,,Não,
MAN00794,CGO00794,Geral,Não,,Não,
MAN00795,CGO00795,Pendente,Não,,Não,
MAN00796,CGO00796,Geral,Não,,Não,
MAN00797,CGO00797,Geral,Não,,Não,
MAN00798,CGO00798,Geral,Não,,Não,
MAN00799,CGO00799,Refrigerada,Não,,Não,
MAN00800,CGO00800,Perecível,Não,,Não,
MAN00801,CGO00801,Geral,Não,,Não,
MAN00802,CGO00802,Pendente,Não,,Não,
MAN00803,CGO00803,Geral,Não,,Não,
MAN00804,CGO00804,Geral,Não,,Não,
MAN00805,CGO00805,DGR,Sim,Divergência de volumes,Não,Informação ausente ou divergente no manifesto
MAN00806,CGO00806,Geral,Não,,Não,
MAN00807,CGO00807,DGR,Não,,Não,
MAN00808,CGO00808,Pendente,Não,,Não,
MAN00809,CGO00809,DGR,Não,,Não,
MAN00810,CGO00810,Refrigerada,Não,,Não,
MAN00811,CGO00811,Geral,Não,,Não,
MAN00812,CGO00812,Pendente,Não,,Não,
MAN00813,CGO00813,Geral,Não,,Não,
MAN00814,CGO00814,Geral,Não,,Não,
MAN00815,CGO00815,Geral,Não,,Não,
MAN00816,CGO00816,Geral,Não,,Não,
MAN00817,CGO00817,Refrigerada,Não,,Não,
MAN00818,CGO00818,DGR,Não,,Não,
MAN00819,CGO00819,Geral,Não,,Não,
MAN00820,CGO00820,Avariada,Não,,Não,
MAN00821,CGO00821,Geral,Não,,Não,
MAN00822,CGO00822,Geral,Não,,Não,
MAN00823,CGO00823,Perecível,Não,,Não,
MAN00824,CGO00824,,Sim,Natureza da carga não informada,Sim,Informação ausente ou divergente no manifesto
MAN00825,CGO00825,Geral,Não,,Não,
MAN00826,CGO00826,Pendente,Não,,Não,
MAN00827,CGO00827,Geral,Não,,Não,
MAN00828,CGO00828,,Sim,AWB divergente,Sim,Informação ausente ou divergente no manifesto
MAN00829,CGO00829,,Sim,Natureza da carga não informada,Sim,Informação ausente ou divergente no manifesto
MAN00830,CGO00830,Geral,Não,,Não,
MAN00831,CGO00831,Refrigerada,Não,,Não,
MAN00832,CGO00832,Geral,Não,,Não,
MAN00833,CGO00833,Perecível,Não,,Não,
MAN00834,CGO00834,Geral,Não,,Não,
MAN00835,CGO00835,Geral,Não,,Não,
MAN00836,CGO00836,Avariada,Não,,Não,
MAN00837,CGO00837,Geral,Não,,Não,
MAN00838,CGO00838,Refrigerada,Não,,Não,
MAN00839,CGO00839,DGR,Não,,Não,
MAN00840,CGO00840,Perecível,Não,,Não,
MAN00841,CGO00841,Geral,Não,,Não,
MAN00842,CGO00842,Valiosa,Não,,Não,
MAN00843,CGO00843,Geral,Não,,Não,
MAN00844,CGO00844,Valiosa,Não,,Não,
MAN00845,CGO00845,Perecível,Não,,Não,
MAN00846,CGO00846,Pendente,Sim,Erro de digitação,Não,Informação ausente ou divergente no manifesto
MAN00847,CGO00847,Pendente,Não,,Não,
MAN00848,CGO00848,Geral,Não,,Não,
MAN00849,CGO00849,Geral,Não,,Não,
MAN00850,CGO00850,Pendente,Não,,Não,
MAN00851,CGO00851,Refrigerada,Não,,Não,
MAN00852,CGO00852,Refrigerada,Não,,Não,
MAN00853,CGO00853,Refrigerada,Não,,Não,
MAN00854,CGO00854,Avariada,Não,,Não,
MAN00855,CGO00855,Geral,Sim,AWB divergente,Não,Informação ausente ou divergente no manifesto
MAN00856,CGO00856,Geral,Não,,Não,
MAN00857,CGO00857,Geral,Não,,Não,
MAN00858,CGO00858,Avariada,Não,,Não,
MAN00859,CGO00859,Refrigerada,Não,,Não,
MAN00860,CGO00860,Geral,Não,,Não,
MAN00861,CGO00861,Avariada,Não,,Não,
MAN00862,CGO00862,DGR,Sim,Erro de digitação,Não,Informação ausente ou divergente no manifesto
MAN00863,CGO00863,Perecível,Não,,Não,
MAN00864,CGO00864,Perecível,Não,,Não,
MAN00865,CGO00865,Refrigerada,Sim,AWB divergente,Não,Informação ausente ou divergente no manifesto
MAN00866,CGO00866,Refrigerada,Não,,Não,
MAN00867,CGO00867,,Sim,Natureza da carga não informada,Sim,Informação ausente ou divergente no manifesto
MAN00868,CGO00868,Geral,Não,,Não,
MAN00869,CGO00869,DGR,Não,,Não,
MAN00870,CGO00870,Geral,Não,,Não,
MAN00871,CGO00871,Geral,Não,,Não,
MAN00872,CGO00872,Avariada,Não,,Não,
MAN00873,CGO00873,,Sim,Natureza da carga não informada,Sim,Informação ausente ou divergente no manifesto
MAN00874,CGO00874,Pendente,Não,,Não,
MAN00875,CGO00875,,Sim,Erro de digitação,Sim,Informação ausente ou divergente no manifesto
MAN00876,CGO00876,Geral,Não,,Não,
MAN00877,CGO00877,Geral,Não,,Não,
MAN00878,CGO00878,Geral,Não,,Não,
MAN00879,CGO00879,DGR,Não,,Não,
MAN00880,CGO00880,Geral,Não,,Não,
MAN00881,CGO00881,Geral,Não,,Não,
MAN00882,CGO00882,Perecível,Não,,Não,
MAN00883,CGO00883,Pendente,Não,,Não,
MAN00884,CGO00884,Geral,Não,,Não,
MAN00885,CGO00885,Avariada,Não,,Não,
MAN00886,CGO00886,Geral,Não,,Não,
MAN00887,CGO00887,Pendente,Sim,Erro de digitação,Não,Informação ausente ou divergente no manifesto
MAN00888,CGO00888,Pendente,Não,,Não,
MAN00889,CGO00889,Perecível,Não,,Não,
MAN00890,CGO00890,Geral,Não,,Não,
MAN00891,CGO00891,Geral,Não,,Não,
MAN00892,CGO00892,Geral,Não,,Não,
MAN00893,CGO00893,DGR,Não,,Não,
MAN00894,CGO00894,Geral,Não,,Não,
MAN00895,CGO00895,Pendente,Não,,Não,
MAN00896,CGO00896,Valiosa,Não,,Não,
MAN00897,CGO00897,Geral,Sim,Erro de digitação,Não,Informação ausente ou divergente no manifesto
MAN00898,CGO00898,Refrigerada,Não,,Não,
MAN00899,CGO00899,Geral,Não,,Não,
MAN00900,CGO00900,Geral,Não,,Não,
MAN00901,CGO00901,Valiosa,Não,,Não,
MAN00902,CGO00902,Geral,Não,,Não,
MAN00903,CGO00903,Geral,Não,,Não,
MAN00904,CGO00904,Geral,Sim,Divergência de volumes,Não,Informação ausente ou divergente no manifesto
MAN00905,CGO00905,Avariada,Não,,Não,
MAN00906,CGO00906,Perecível,Não,,Não,
MAN00907,CGO00907,Perecível,Não,,Não,
MAN00908,CGO00908,Geral,Não,,Não,
MAN00909,CGO00909,Avariada,Não,,Não,
MAN00910,CGO00910,Geral,Sim,Divergência de peso,Não,Informação ausente ou divergente no manifesto
MAN00911,CGO00911,Pendente,Não,,Não,
MAN00912,CGO00912,DGR,Não,,Não,
MAN00913,CGO00913,Refrigerada,Não,,Não,
MAN00914,CGO00914,Geral,Não,,Não,
MAN00915,CGO00915,Perecível,Não,,Não,
MAN00916,CGO00916,DGR,Não,,Não,
MAN00917,CGO00917,Geral,Não,,Não,
MAN00918,CGO00918,Geral,Não,,Não,
MAN00919,CGO00919,Refrigerada,Sim,AWB divergente,Não,Informação ausente ou divergente no manifesto
MAN00920,CGO00920,Refrigerada,Não,,Não,
MAN00921,CGO00921,Refrigerada,Não,,Não,
MAN00922,CGO00922,Pendente,Não,,Não,
MAN00923,CGO00923,Geral,Não,,Não,
MAN00924,CGO00924,Geral,Não,,Não,
MAN00925,CGO00925,Refrigerada,Não,,Não,
MAN00926,CGO00926,Valiosa,Não,,Não,
MAN00927,CGO00927,Geral,Não,,Não,
MAN00928,CGO00928,Geral,Sim,Erro de digitação,Não,Informação ausente ou divergente no manifesto
MAN00929,CGO00929,Geral,Não,,Não,
MAN00930,CGO00930,Valiosa,Não,,Não,
MAN00931,CGO00931,Pendente,Não,,Não,
MAN00932,CGO00932,Geral,Não,,Não,
MAN00933,CGO00933,Geral,Não,,Não,
MAN00934,CGO00934,Geral,Sim,Divergência de peso,Não,Informação ausente ou divergente no manifesto
MAN00935,CGO00935,Geral,Não,,Não,
MAN00936,CGO00936,Geral,Não,,Não,
MAN00937,CGO00937,Perecível,Não,,Não,
MAN00938,CGO00938,Avariada,Sim,Divergência de peso,Não,Informação ausente ou divergente no manifesto
MAN00939,CGO00939,Perecível,Não,,Não,
MAN00940,CGO00940,Perecível,Não,,Não,
MAN00941,CGO00941,Refrigerada,Não,,Não,
MAN00942,CGO00942,Geral,Não,,Não,
MAN00943,CGO00943,Perecível,Não,,Não,
MAN00944,CGO00944,Valiosa,Não,,Não,
MAN00945,CGO00945,Geral,Não,,Não,
MAN00946,CGO00946,Geral,Não,,Não,
MAN00947,CGO00947,Valiosa,Não,,Não,
MAN00948,CGO00948,DGR,Não,,Não,
MAN00949,CGO00949,Geral,Não,,Não,
MAN00950,CGO00950,Geral,Não,,Não,
MAN00951,CGO00951,Pendente,Sim,Descrição incompleta,Não,Informação ausente ou divergente no manifesto
MAN00952,CGO00952,Geral,Não,,Não,
MAN00953,CGO00953,DGR,Não,,Não,
MAN00954,CGO00954,Avariada,Não,,Não,
MAN00955,CGO00955,Geral,Não,,Não,
MAN00956,CGO00956,Valiosa,Não,,Não,
MAN00957,CGO00957,,Sim,Natureza da carga não informada,Sim,Informação ausente ou divergente no manifesto
MAN00958,CGO00958,Perecível,Não,,Não,
MAN00959,CGO00959,Pendente,Não,,Não,
MAN00960,CGO00960,Pendente,Não,,Não,
MAN00961,CGO00961,Avariada,Não,,Não,
MAN00962,CGO00962,Perecível,Não,,Não,
MAN00963,CGO00963,Refrigerada,Não,,Não,
MAN00964,CGO00964,Geral,Não,,Não,
MAN00965,CGO00965,Refrigerada,Não,,Não,
MAN00966,CGO00966,Geral,Não,,Não,
MAN00967,CGO00967,Geral,Não,,Não,
MAN00968,CGO00968,Avariada,Não,,Não,
MAN00969,CGO00969,Geral,Não,,Não,
MAN00970,CGO00970,Avariada,Não,,Não,
MAN00971,CGO00971,DGR,Não,,Não,
MAN00972,CGO00972,,Sim,Divergência de volumes,Sim,Informação ausente ou divergente no manifesto
MAN00973,CGO00973,Refrigerada,Não,,Não,
MAN00974,CGO00974,,Sim,Descrição incompleta,Sim,Informação ausente ou divergente no manifesto
MAN00975,CGO00975,Geral,Não,,Não,
MAN00976,CGO00976,Geral,Não,,Não,
MAN00977,CGO00977,Geral,Não,,Não,
MAN00978,CGO00978,Refrigerada,Não,,Não,
MAN00979,CGO00979,Geral,Não,,Não,
MAN00980,CGO00980,Geral,Não,,Não,
MAN00981,CGO00981,Perecível,Não,,Não,
MAN00982,CGO00982,Geral,Não,,Não,
MAN00983,CGO00983,Avariada,Não,,Não,
MAN00984,CGO00984,Refrigerada,Não,,Não,
MAN00985,CGO00985,DGR,Sim,AWB divergente,Não,Informação ausente ou divergente no manifesto
MAN00986,CGO00986,Perecível,Não,,Não,
MAN00987,CGO00987,Refrigerada,Não,,Não,
MAN00988,CGO00988,Geral,Sim,Erro de digitação,Não,Informação ausente ou divergente no manifesto
MAN00989,CGO00989,Geral,Não,,Não,
MAN00990,CGO00990,Avariada,Não,,Não,
MAN00991,CGO00991,Geral,Não,,Não,
MAN00992,CGO00992,Pendente,Não,,Não,
MAN00993,CGO00993,,Sim,Erro de digitação,Sim,Informação ausente ou divergente no manifesto
MAN00994,CGO00994,DGR,Sim,Erro de digitação,Não,Informação ausente ou divergente no manifesto
MAN00995,CGO00995,Geral,Não,,Não,
MAN00996,CGO00996,Refrigerada,Não,,Não,
MAN00997,CGO00997,Geral,Não,,Não,
MAN00998,CGO00998,Geral,Não,,Não,
MAN00999,CGO00999,Refrigerada,Não,,Não,
MAN01000,CGO01000,Refrigerada,Não,,Não,
MAN01001,CGO01001,Perecível,Não,,Não,
MAN01002,CGO01002,Pendente,Sim,Erro de digitação,Não,Informação ausente ou divergente no manifesto
MAN01003,CGO01003,Valiosa,Não,,Não,
MAN01004,CGO01004,DGR,Não,,Não,
MAN01005,CGO01005,DGR,Não,,Não,
MAN01006,CGO01006,Perecível,Não,,Não,
MAN01007,CGO01007,Pendente,Não,,Não,
MAN01008,CGO01008,Geral,Não,,Não,
MAN01009,CGO01009,Avariada,Não,,Não,
MAN01010,CGO01010,Pendente,Não,,Não,
MAN01011,CGO01011,Valiosa,Sim,Erro de digitação,Não,Informação ausente ou divergente no manifesto
MAN01012,CGO01012,Pendente,Não,,Não,
MAN01013,CGO01013,Geral,Não,,Não,
MAN01014,CGO01014,Geral,Não,,Não,
MAN01015,CGO01015,Geral,Não,,Não,
MAN01016,CGO01016,Refrigerada,Sim,Erro de digitação,Não,Informação ausente ou divergente no manifesto
MAN01017,CGO01017,Pendente,Não,,Não,
MAN01018,CGO01018,Pendente,Sim,Descrição incompleta,Não,Informação ausente ou divergente no manifesto
MAN01019,CGO01019,Geral,Não,,Não,
MAN01020,CGO01020,Perecível,Não,,Não,
MAN01021,CGO01021,Geral,Não,,Não,
MAN01022,CGO01022,Geral,Não,,Não,
MAN01023,CGO01023,Pendente,Não,,Não,
MAN01024,CGO01024,Geral,Não,,Não,
MAN01025,CGO01025,Perecível,Não,,Não,
MAN01026,CGO01026,Valiosa,Não,,Não,
MAN01027,CGO01027,,Sim,Natureza da carga não informada,Sim,Informação ausente ou divergente no manifesto
MAN01028,CGO01028,Geral,Não,,Não,
MAN01029,CGO01029,Geral,Não,,Não,
MAN01030,CGO01030,DGR,Sim,Divergência de peso,Não,Informação ausente ou divergente no manifesto
MAN01031,CGO01031,Perecível,Não,,Não,
MAN01032,CGO01032,Pendente,Não,,Não,
MAN01033,CGO01033,Valiosa,Não,,Não,
MAN01034,CGO01034,,Sim,Natureza da carga não informada,Sim,Informação ausente ou divergente no manifesto
MAN01035,CGO01035,DGR,Sim,Divergência de volumes,Não,Informação ausente ou divergente no manifesto
MAN01036,CGO01036,Geral,Não,,Não,
MAN01037,CGO01037,Geral,Não,,Não,
MAN01038,CGO01038,Geral,Sim,AWB divergente,Não,Informação ausente ou divergente no manifesto
MAN01039,CGO01039,Geral,Não,,Não,
MAN01040,CGO01040,Geral,Não,,Não,
MAN01041,CGO01041,Pendente,Não,,Não,
MAN01042,CGO01042,Geral,Não,,Não,
MAN01043,CGO01043,,Sim,Natureza da carga não informada,Sim,Informação ausente ou divergente no manifesto
MAN01044,CGO01044,Geral,Não,,Não,
MAN01045,CGO01045,Geral,Não,,Não,
MAN01046,CGO01046,,Sim,Natureza da carga não informada,Sim,Informação ausente ou divergente no manifesto
MAN01047,CGO01047,Geral,Não,,Não,
MAN01048,CGO01048,Refrigerada,Não,,Não,
MAN01049,CGO01049,Geral,Não,,Não,
MAN01050,CGO01050,Pendente,Não,,Não,
MAN01051,CGO01051,Geral,Não,,Não,
MAN01052,CGO01052,Geral,Não,,Não,
MAN01053,CGO01053,,Sim,Natureza da carga não informada,Sim,Informação ausente ou divergente no manifesto
MAN01054,CGO01054,,Sim,Natureza da carga não informada,Sim,Informação ausente ou divergente no manifesto
MAN01055,CGO01055,Perecível,Não,,Não,
MAN01056,CGO01056,Geral,Não,,Não,
MAN01057,CGO01057,Geral,Não,,Não,
MAN01058,CGO01058,Pendente,Sim,Divergência de peso,Não,Informação ausente ou divergente no manifesto
MAN01059,CGO01059,Geral,Não,,Não,
MAN01060,CGO01060,DGR,Não,,Não,
MAN01061,CGO01061,Geral,Sim,Erro de digitação,Não,Informação ausente ou divergente no manifesto
MAN01062,CGO01062,DGR,Não,,Não,
MAN01063,CGO01063,Geral,Não,,Não,
MAN01064,CGO01064,Geral,Não,,Não,
MAN01065,CGO01065,DGR,Não,,Não,
MAN01066,CGO01066,Avariada,Não,,Não,
MAN01067,CGO01067,Geral,Não,,Não,
MAN01068,CGO01068,DGR,Não,,Não,
MAN01069,CGO01069,Geral,Não,,Não,
MAN01070,CGO01070,Avariada,Não,,Não,
MAN01071,CGO01071,Refrigerada,Não,,Não,
MAN01072,CGO01072,Geral,Não,,Não,
MAN01073,CGO01073,Perecível,Não,,Não,
MAN01074,CGO01074,Geral,Não,,Não,
MAN01075,CGO01075,Geral,Não,,Não,
MAN01076,CGO01076,Refrigerada,Não,,Não,
MAN01077,CGO01077,Refrigerada,Não,,Não,
MAN01078,CGO01078,Avariada,Sim,Erro de digitação,Não,Informação ausente ou divergente no manifesto
MAN01079,CGO01079,Pendente,Não,,Não,
MAN01080,CGO01080,DGR,Não,,Não,
MAN01081,CGO01081,Geral,Não,,Não,
MAN01082,CGO01082,Valiosa,Não,,Não,
MAN01083,CGO01083,Valiosa,Não,,Não,
MAN01084,CGO01084,Geral,Não,,Não,
MAN01085,CGO01085,Perecível,Não,,Não,
MAN01086,CGO01086,,Sim,Natureza da carga não informada,Sim,Informação ausente ou divergente no manifesto
MAN01087,CGO01087,Perecível,Não,,Não,
MAN01088,CGO01088,Pendente,Não,,Não,
MAN01089,CGO01089,Avariada,Não,,Não,
MAN01090,CGO01090,Geral,Não,,Não,
MAN01091,CGO01091,Geral,Sim,Divergência de volumes,Não,Informação ausente ou divergente no manifesto
MAN01092,CGO01092,Refrigerada,Não,,Não,
MAN01093,CGO01093,Refrigerada,Não,,Não,
MAN01094,CGO01094,Geral,Não,,Não,
MAN01095,CGO01095,Geral,Não,,Não,
MAN01096,CGO01096,Refrigerada,Não,,Não,
MAN01097,CGO01097,Geral,Não,,Não,
MAN01098,CGO01098,Perecível,Sim,AWB divergente,Não,Informação ausente ou divergente no manifesto
MAN01099,CGO01099,Refrigerada,Sim,Descrição incompleta,Não,Informação ausente ou divergente no manifesto
MAN01100,CGO01100,Geral,Não,,Não,
MAN01101,CGO01101,Refrigerada,Não,,Não,
MAN01102,CGO01102,Pendente,Não,,Não,
MAN01103,CGO01103,Valiosa,Não,,Não,
MAN01104,CGO01104,Valiosa,Não,,Não,
MAN01105,CGO01105,Geral,Não,,Não,
MAN01106,CGO01106,Geral,Não,,Não,
MAN01107,CGO01107,Pendente,Não,,Não,
MAN01108,CGO01108,Geral,Não,,Não,
MAN01109,CGO01109,Geral,Não,,Não,
MAN01110,CGO01110,DGR,Não,,Não,
MAN01111,CGO01111,Geral,Não,,Não,
